target_date_et,min_forecast_f,max_forecast_f,mean_forecast_f,median_forecast_f,forecast_std_f,first_forecast_f,latest_forecast_f,release_count,forecast_range_f,first_to_latest_change_f,observed_max_f,obs_time_et,obs_hour_et,observed_wdir_deg,observed_max_time_et,observed_wdir_arrow,observed_wdir_cardinal,median_error_f,mean_error_f,latest_error_f,forecast_stability,outcome_class,x
2021-04-01,85.01000000000008,85.01000000000008,85.01000000000008,85.01000000000008,0.0,85.01000000000008,85.01000000000008,21,0.0,0.0,89.06,2021-04-01 14:53:00-04:00,14.883333333333333,140.0,04-01 02:53PM,↖,SE,-4.049999999999926,-4.049999999999926,-4.049999999999926,STABLE,WARM BUST,0
2021-04-02,74.03000000000004,74.93000000000004,74.71108108108112,74.93000000000004,0.39146295258074854,74.03000000000004,74.93000000000004,37,0.8999999999999915,0.8999999999999915,77.0,2021-04-02 12:53:00-04:00,12.883333333333333,20.0,04-02 12:53PM,↓,N,-2.0699999999999648,-2.288918918918881,-2.0699999999999648,STABLE,WARM BUST,1
2021-04-03,72.05,74.93000000000004,73.14945945945948,72.95,1.0587779799423702,72.95,74.93000000000004,37,2.880000000000038,1.9800000000000324,73.94,2021-04-03 16:53:00-04:00,16.883333333333333,60.0,04-03 04:53PM,↙,NE,-0.9899999999999949,-0.790540540540519,0.9900000000000375,MIXED,VERIFIED,2
2021-04-04,74.03000000000004,76.01000000000008,74.59918918918925,74.03000000000004,0.7805922907154127,74.03000000000004,76.01000000000008,37,1.9800000000000324,1.9800000000000324,75.92,2021-04-04 12:53:00-04:00,12.883333333333333,50.0,04-04 12:53PM,↙,NE,-1.889999999999958,-1.3208108108107552,0.09000000000007446,MIXED,VERIFIED,3
2021-04-05,76.01000000000008,79.07000000000006,77.63486486486494,77.99000000000002,1.0770680924044036,76.91000000000008,79.07000000000006,37,3.059999999999988,2.1599999999999824,75.92,2021-04-05 11:53:00-04:00,11.883333333333333,90.0,04-05 11:53AM,←,E,2.0700000000000216,1.7148648648649356,3.1500000000000625,UNSTABLE,COOL MISS,4
2021-04-06,77.99000000000002,79.97000000000006,79.21108108108115,79.07000000000006,0.6829665022848875,79.07000000000006,79.97000000000006,37,1.9800000000000324,0.8999999999999915,77.0,2021-04-06 14:53:00-04:00,14.883333333333333,80.0,04-06 02:53PM,←,E,2.0700000000000642,2.211081081081147,2.9700000000000557,MIXED,COOL MISS,5
2021-04-07,79.07000000000006,81.05,79.84837837837843,79.97000000000006,0.6279309653913139,79.97000000000006,79.97000000000006,37,1.979999999999933,0.0,78.98,2021-04-07 11:53:00-04:00,11.883333333333333,80.0,04-07 11:53AM,←,E,0.9900000000000517,0.8683783783784236,0.9900000000000517,MIXED,COOL MISS,6
2021-04-08,79.97000000000006,81.95,80.67054054054056,81.05,0.7551230434907784,79.97000000000006,79.97000000000006,37,1.9799999999999471,0.0,80.06,2021-04-08 15:53:00-04:00,15.883333333333333,150.0,04-08 03:53PM,↖,SE,0.9899999999999949,0.6105405405405548,-0.08999999999994657,MIXED,VERIFIED,7
2021-04-09,81.05,83.93000000000004,81.51702702702703,81.05,1.0762095646420515,83.93000000000004,81.05,37,2.880000000000038,-2.880000000000038,80.96,2021-04-09 13:53:00-04:00,13.883333333333333,130.0,04-09 01:53PM,↖,SE,0.09000000000000341,0.5570270270270328,0.09000000000000341,UNSTABLE,COOL MISS,8
2021-04-10,81.95,83.03000000000004,82.73810810810815,83.03000000000004,0.4862431824020243,81.95,83.03000000000004,37,1.080000000000041,1.080000000000041,84.02,2021-04-10 15:46:00-04:00,15.766666666666667,130.0,04-10 03:46PM,↖,SE,-0.9899999999999523,-1.2818918918918456,-0.9899999999999523,MIXED,WARM MISS,9
2021-04-11,85.91000000000008,86.99000000000002,86.61054054054058,86.99000000000002,0.5226957153170181,85.91000000000008,86.99000000000002,37,1.0799999999999415,1.0799999999999415,89.06,2021-04-11 14:53:00-04:00,14.883333333333333,230.0,04-11 02:53PM,↗,SW,-2.069999999999979,-2.449459459459419,-2.069999999999979,MIXED,WARM BUST,10
2021-04-12,85.01000000000008,86.99000000000002,85.81270270270275,85.01000000000008,0.9855304512140716,86.99000000000002,85.01000000000008,37,1.9799999999999471,-1.9799999999999471,87.08000000000001,2021-04-12 14:53:00-04:00,14.883333333333333,230.0,04-12 02:53PM,↗,SW,-2.0699999999999363,-1.2672972972972616,-2.0699999999999363,MIXED,WARM MISS,11
2021-04-13,83.03000000000004,83.93000000000004,83.71108108108112,83.93000000000004,0.39146295258074976,83.93000000000004,83.93000000000004,37,0.8999999999999915,0.0,87.08000000000001,2021-04-13 12:53:00-04:00,12.883333333333333,90.0,04-13 12:53PM,←,E,-3.1499999999999773,-3.3689189189188937,-3.1499999999999773,STABLE,WARM BUST,12
2021-04-14,81.05,81.05,81.05,81.05,0.0,81.05,81.05,37,0.0,0.0,82.04,2021-04-14 12:53:00-04:00,12.883333333333333,80.0,04-14 12:53PM,←,E,-0.9900000000000091,-0.9900000000000091,-0.9900000000000091,STABLE,WARM MISS,13
2021-04-15,83.03000000000004,83.03000000000004,83.03000000000004,83.03000000000004,0.0,83.03000000000004,83.03000000000004,37,0.0,0.0,82.94,2021-04-15 15:53:00-04:00,15.883333333333333,160.0,04-15 03:53PM,↑,S,0.09000000000004604,0.09000000000004604,0.09000000000004604,STABLE,COOL MISS,14
2021-04-16,88.07000000000006,90.05,88.43486486486492,88.07000000000006,0.7054613211761855,88.07000000000006,88.97000000000006,37,1.979999999999933,0.8999999999999915,87.08000000000001,2021-04-16 14:53:00-04:00,14.883333333333333,150.0,04-16 02:53PM,↖,SE,0.9900000000000517,1.3548648648649078,1.8900000000000432,MIXED,COOL MISS,15
2021-04-17,88.97000000000006,92.03000000000004,91.0813513513514,92.03000000000004,1.2817049455969078,88.97000000000006,92.03000000000004,37,3.059999999999988,3.059999999999988,89.06,2021-04-17 13:53:00-04:00,13.883333333333333,220.0,04-17 01:53PM,↗,SW,2.9700000000000415,2.0213513513513988,2.9700000000000415,UNSTABLE,VERIFIED,16
2021-04-18,90.05,92.93000000000004,91.39756756756758,90.95,1.3326360789499072,92.93000000000004,90.05,37,2.880000000000038,-2.880000000000038,89.06,2021-04-18 13:53:00-04:00,13.883333333333333,180.0,04-18 01:53PM,↑,S,1.8900000000000006,2.337567567567575,0.9899999999999949,UNSTABLE,COOL MISS,17
2021-04-19,88.97000000000006,90.05,89.49540540540542,88.97000000000006,0.547248646486269,90.05,88.97000000000006,37,1.0799999999999415,-1.0799999999999415,91.03999999999999,2021-04-19 13:53:00-04:00,13.883333333333333,240.0,04-19 01:53PM,↗,SW,-2.0699999999999363,-1.544594594594571,-2.0699999999999363,MIXED,WARM MISS,18
2021-04-20,85.91000000000008,90.05,87.62729729729735,88.07000000000006,0.8470361682184862,90.05,85.91000000000008,37,4.139999999999915,-4.139999999999915,84.02,2021-04-20 12:53:00-04:00,12.883333333333333,210.0,04-20 12:53PM,↗,SW,4.050000000000068,3.6072972972973503,1.8900000000000858,UNSTABLE,COOL MISS,19
2021-04-21,83.93000000000004,85.01000000000008,84.45540540540546,83.93000000000004,0.5472486464863162,85.01000000000008,85.01000000000008,37,1.080000000000041,0.0,87.08000000000001,2021-04-21 13:53:00-04:00,13.883333333333333,250.0,04-21 01:53PM,→,W,-3.1499999999999773,-2.624594594594555,-2.0699999999999363,STABLE,WARM BUST,20
2021-04-22,81.95,83.03000000000004,82.5921621621622,83.03000000000004,0.5375620642986146,83.03000000000004,81.95,37,1.080000000000041,-1.080000000000041,84.02,2021-04-22 12:53:00-04:00,12.883333333333333,100.0,04-22 12:53PM,←,E,-0.9899999999999523,-1.4278378378377994,-2.069999999999993,MIXED,WARM MISS,21
2021-04-23,81.05,83.03000000000004,82.11540540540541,81.95,0.5945427495824804,81.05,83.03000000000004,37,1.9800000000000466,1.9800000000000466,84.02,2021-04-23 12:13:00-04:00,12.216666666666667,80.0,04-23 12:13PM,←,E,-2.069999999999993,-1.9045945945945846,-0.9899999999999523,MIXED,WARM MISS,22
2021-04-24,85.01000000000008,85.91000000000008,85.15594594594602,85.01000000000008,0.3363154889506379,85.01000000000008,85.91000000000008,37,0.9000000000000057,0.9000000000000057,86.0,2021-04-24 15:50:00-04:00,15.833333333333334,160.0,04-24 03:50PM,↑,S,-0.9899999999999238,-0.8440540540539843,-0.08999999999991815,STABLE,WARM MISS,23
2021-04-25,88.97000000000006,90.95,90.34675675675676,90.95,0.847696401543114,88.97000000000006,90.95,37,1.9799999999999471,1.9799999999999471,91.94,2021-04-25 13:53:00-04:00,13.883333333333333,270.0,04-25 01:53PM,→,W,-0.9899999999999949,-1.5932432432432364,-0.9899999999999949,MIXED,WARM MISS,24
2021-04-26,83.93000000000004,85.91000000000008,84.69864864864871,85.01000000000008,0.6663089130182707,85.01000000000008,85.91000000000008,37,1.9800000000000466,0.9000000000000057,84.91999999999999,2021-04-26 10:53:00-04:00,10.883333333333333,80.0,04-26 10:53AM,←,E,0.09000000000008868,-0.2213513513512737,0.9900000000000944,MIXED,VERIFIED,25
2021-04-27,81.05,83.03000000000004,82.05216216216218,81.95,0.7403870426830785,81.05,81.95,37,1.9800000000000466,0.9000000000000057,84.02,2021-04-27 12:53:00-04:00,12.883333333333333,80.0,04-27 12:53PM,←,E,-2.069999999999993,-1.9678378378378198,-2.069999999999993,MIXED,WARM MISS,26
2021-04-28,83.03000000000004,83.93000000000004,83.10297297297302,83.03000000000004,0.24905225762282443,83.03000000000004,83.03000000000004,37,0.8999999999999915,0.0,82.94,2021-04-28 13:53:00-04:00,13.883333333333333,100.0,04-28 01:53PM,←,E,0.09000000000004604,0.16297297297302293,0.09000000000004604,STABLE,COOL MISS,27
2021-04-29,85.01000000000008,86.99000000000002,85.54513513513521,85.01000000000008,0.7054613211761843,85.01000000000008,85.91000000000008,37,1.9799999999999471,0.9000000000000057,86.0,2021-04-29 13:53:00-04:00,13.883333333333333,140.0,04-29 01:53PM,↖,SE,-0.9899999999999238,-0.4548648648647884,-0.08999999999991815,MIXED,VERIFIED,28
2021-04-30,86.99000000000002,92.03000000000004,88.84351351351356,88.97000000000006,1.8724734328573795,92.03000000000004,86.99000000000002,37,5.0400000000000205,-5.0400000000000205,87.08000000000001,2021-04-30 11:53:00-04:00,11.883333333333333,160.0,04-30 11:53AM,↑,S,1.8900000000000432,1.7635135135135442,-0.0899999999999892,UNSTABLE,VERIFIED,29
2021-05-01,86.99000000000002,88.07000000000006,87.6613513513514,88.07000000000006,0.5310061841142619,88.07000000000006,88.07000000000006,37,1.080000000000041,0.0,89.06,2021-05-01 13:53:00-04:00,13.883333333333333,310.0,05-01 01:53PM,↘,NW,-0.989999999999938,-1.398648648648603,-0.989999999999938,STABLE,WARM MISS,30
2021-05-02,86.99000000000002,88.97000000000006,87.52513513513517,86.99000000000002,0.705461321176214,86.99000000000002,88.97000000000006,37,1.9800000000000324,1.9800000000000324,89.06,2021-05-02 13:53:00-04:00,13.883333333333333,150.0,05-02 01:53PM,↖,SE,-2.069999999999979,-1.5348648648648293,-0.08999999999994657,MIXED,WARM MISS,31
2021-05-03,86.99000000000002,88.07000000000006,87.48621621621626,86.99000000000002,0.5456461579904637,86.99000000000002,88.07000000000006,37,1.080000000000041,1.080000000000041,87.08000000000001,2021-05-03 11:53:00-04:00,11.883333333333333,150.0,05-03 11:53AM,↖,SE,-0.0899999999999892,0.4062162162162508,0.9900000000000517,MIXED,VERIFIED,32
2021-05-04,88.07000000000006,88.97000000000006,88.16729729729737,88.07000000000006,0.2833200844809067,88.07000000000006,88.97000000000006,37,0.8999999999999915,0.8999999999999915,87.98,2021-05-04 13:53:00-04:00,13.883333333333333,110.0,05-04 01:53PM,←,E,0.09000000000006025,0.18729729729736277,0.9900000000000517,STABLE,COOL MISS,33
2021-05-05,88.07000000000006,90.05,88.99918918918924,88.97000000000006,0.5731704147322174,88.97000000000006,88.97000000000006,37,1.979999999999933,0.0,89.06,2021-05-05 13:53:00-04:00,13.883333333333333,130.0,05-05 01:53PM,↖,SE,-0.08999999999994657,-0.06081081081076434,-0.08999999999994657,MIXED,VERIFIED,34
2021-05-06,88.97000000000006,94.01000000000008,89.93324324324327,90.05,1.3337125586831688,88.97000000000006,90.05,37,5.0400000000000205,1.0799999999999415,89.96000000000001,2021-05-06 13:53:00-04:00,13.883333333333333,130.0,05-06 01:53PM,↖,SE,0.0899999999999892,-0.02675675675673972,0.0899999999999892,UNSTABLE,VERIFIED,35
2021-05-07,88.97000000000006,90.95,89.29108108108113,88.97000000000006,0.7398940756913874,88.97000000000006,90.95,37,1.9799999999999471,1.9799999999999471,91.4,2021-05-07 15:47:00-04:00,15.783333333333333,360.0,05-07 03:47PM,↓,N,-2.42999999999995,-2.1089189189188744,-0.45000000000000284,MIXED,WARM MISS,36
2021-05-08,83.03000000000004,83.93000000000004,83.58945945945949,83.93000000000004,0.4425051534285403,83.93000000000004,83.03000000000004,37,0.8999999999999915,-0.8999999999999915,84.91999999999999,2021-05-08 10:53:00-04:00,10.883333333333333,80.0,05-08 10:53AM,←,E,-0.9899999999999523,-1.3305405405404969,-1.8899999999999437,STABLE,WARM MISS,37
2021-05-09,85.01000000000008,85.01000000000008,85.01000000000008,85.01000000000008,0.0,85.01000000000008,85.01000000000008,37,0.0,0.0,82.94,2021-05-09 10:53:00-04:00,10.883333333333333,90.0,05-09 10:53AM,←,E,2.0700000000000784,2.0700000000000784,2.0700000000000784,STABLE,COOL BUST,38
2021-05-10,86.99000000000002,88.07000000000006,87.07756756756758,86.99000000000002,0.298862709147404,88.07000000000006,86.99000000000002,37,1.080000000000041,-1.080000000000041,87.98,2021-05-10 14:53:00-04:00,14.883333333333333,150.0,05-10 02:53PM,↖,SE,-0.9899999999999807,-0.9024324324324198,-0.9899999999999807,MIXED,VERIFIED,39
2021-05-11,88.07000000000006,88.97000000000006,88.19162162162169,88.07000000000006,0.3119251469460196,88.07000000000006,88.07000000000006,37,0.8999999999999915,0.0,89.06,2021-05-11 13:53:00-04:00,13.883333333333333,120.0,05-11 01:53PM,↖,SE,-0.989999999999938,-0.8683783783783099,-0.989999999999938,STABLE,WARM MISS,40
2021-05-12,88.07000000000006,88.07000000000006,88.07000000000006,88.07000000000006,0.0,88.07000000000006,88.07000000000006,37,0.0,0.0,87.98,2021-05-12 11:53:00-04:00,11.883333333333333,120.0,05-12 11:53AM,↖,SE,0.09000000000006025,0.09000000000006025,0.09000000000006025,STABLE,COOL MISS,41
2021-05-13,88.07000000000006,90.05,89.15972972972976,88.97000000000006,0.7868307967426312,88.07000000000006,90.05,37,1.979999999999933,1.979999999999933,93.02,2021-05-13 13:53:00-04:00,13.883333333333333,310.0,05-13 01:53PM,↘,NW,-4.04999999999994,-3.8602702702702345,-2.969999999999999,MIXED,WARM BUST,42
2021-05-14,83.93000000000004,85.01000000000008,84.04675675675679,83.93000000000004,0.3399841013771057,83.93000000000004,83.93000000000004,37,1.080000000000041,0.0,84.91999999999999,2021-05-14 13:53:00-04:00,13.883333333333333,30.0,05-14 01:53PM,↙,NE,-0.9899999999999523,-0.8732432432431949,-0.9899999999999523,STABLE,VERIFIED,43
2021-05-15,83.03000000000004,85.01000000000008,84.01756756756761,83.93000000000004,0.6215455887695948,83.93000000000004,85.01000000000008,37,1.9800000000000324,1.080000000000041,84.91999999999999,2021-05-15 11:53:00-04:00,11.883333333333333,20.0,05-15 11:53AM,↓,N,-0.9899999999999523,-0.9024324324323771,0.09000000000008868,MIXED,VERIFIED,44
2021-05-16,81.95,83.93000000000004,82.90351351351354,83.03000000000004,0.7210802706750286,81.95,83.03000000000004,37,1.9800000000000324,1.080000000000041,84.02,2021-05-16 11:53:00-04:00,11.883333333333333,40.0,05-16 11:53AM,↙,NE,-0.9899999999999523,-1.1164864864864512,-0.9899999999999523,MIXED,WARM MISS,45
2021-05-17,83.03000000000004,83.93000000000004,83.56513513513517,83.93000000000004,0.44796838691548746,83.03000000000004,83.93000000000004,37,0.8999999999999915,0.8999999999999915,82.94,2021-05-17 12:53:00-04:00,12.883333333333333,60.0,05-17 12:53PM,↙,NE,0.9900000000000375,0.6251351351351673,0.9900000000000375,STABLE,COOL MISS,46
2021-05-18,83.03000000000004,83.93000000000004,83.54081081081085,83.93000000000004,0.45202248210051554,83.93000000000004,83.03000000000004,37,0.8999999999999915,-0.8999999999999915,84.91999999999999,2021-05-18 12:53:00-04:00,12.883333333333333,80.0,05-18 12:53PM,←,E,-0.9899999999999523,-1.379189189189134,-1.8899999999999437,STABLE,WARM MISS,47
2021-05-19,83.03000000000004,83.93000000000004,83.17594594594598,83.03000000000004,0.3363154889506298,83.93000000000004,83.03000000000004,37,0.8999999999999915,-0.8999999999999915,84.02,2021-05-19 13:53:00-04:00,13.883333333333333,80.0,05-19 01:53PM,←,E,-0.9899999999999523,-0.8440540540540127,-0.9899999999999523,STABLE,WARM MISS,48
2021-05-20,81.95,81.95,81.95,81.95,0.0,81.95,81.95,37,0.0,0.0,84.02,2021-05-20 13:53:00-04:00,13.883333333333333,80.0,05-20 01:53PM,←,E,-2.069999999999993,-2.069999999999993,-2.069999999999993,STABLE,WARM BUST,49
2021-05-21,81.95,83.03000000000004,82.62135135135138,83.03000000000004,0.5310061841142648,83.03000000000004,81.95,37,1.080000000000041,-1.080000000000041,82.94,2021-05-21 15:53:00-04:00,15.883333333333333,50.0,05-21 03:53PM,↙,NE,0.09000000000004604,-0.31864864864861886,-0.9899999999999949,MIXED,VERIFIED,50
2021-05-22,81.95,83.93000000000004,82.61648648648651,83.03000000000004,0.5768507231136826,83.03000000000004,83.93000000000004,37,1.9800000000000324,0.8999999999999915,82.94,2021-05-22 11:53:00-04:00,11.883333333333333,70.0,05-22 11:53AM,←,E,0.09000000000004604,-0.32351351351348967,0.9900000000000375,MIXED,VERIFIED,51
2021-05-23,81.95,85.01000000000008,83.6186486486487,83.03000000000004,1.222770447617883,83.03000000000004,85.01000000000008,37,3.0600000000000733,1.9800000000000324,84.02,2021-05-23 12:53:00-04:00,12.883333333333333,90.0,05-23 12:53PM,←,E,-0.9899999999999523,-0.40135135135129474,0.9900000000000801,UNSTABLE,VERIFIED,52
2021-05-24,83.03000000000004,85.91000000000008,84.58189189189194,85.01000000000008,1.085279886680142,83.93000000000004,85.01000000000008,37,2.880000000000038,1.080000000000041,82.94,2021-05-24 11:53:00-04:00,11.883333333333333,90.0,05-24 11:53AM,←,E,2.0700000000000784,1.6418918918919445,2.0700000000000784,MIXED,COOL MISS,53
2021-05-25,83.93000000000004,85.91000000000008,84.53324324324329,83.93000000000004,0.9121344139923895,83.93000000000004,83.93000000000004,37,1.9800000000000466,0.0,84.02,2021-05-25 14:53:00-04:00,14.883333333333333,70.0,05-25 02:53PM,←,E,-0.08999999999996078,0.513243243243295,-0.08999999999996078,MIXED,VERIFIED,54
2021-05-26,83.93000000000004,86.99000000000002,85.0051351351352,85.01000000000008,0.4167441369421691,85.01000000000008,85.01000000000008,37,3.059999999999988,0.0,84.91999999999999,2021-05-26 12:53:00-04:00,12.883333333333333,80.0,05-26 12:53PM,←,E,0.09000000000008868,0.08513513513521787,0.09000000000008868,UNSTABLE,VERIFIED,55
2021-05-27,85.01000000000008,85.91000000000008,85.08297297297305,85.01000000000008,0.24905225762283076,85.91000000000008,85.01000000000008,37,0.9000000000000057,-0.9000000000000057,84.91999999999999,2021-05-27 13:53:00-04:00,13.883333333333333,130.0,05-27 01:53PM,↖,SE,0.09000000000008868,0.16297297297306557,0.09000000000008868,STABLE,COOL MISS,56
2021-05-28,85.91000000000008,88.97000000000006,86.16783783783791,85.91000000000008,0.6214281720142341,85.91000000000008,88.97000000000006,37,3.059999999999974,3.059999999999974,86.0,2021-05-28 12:53:00-04:00,12.883333333333333,130.0,05-28 12:53PM,↖,SE,-0.08999999999991815,0.16783783783790795,2.9700000000000557,UNSTABLE,VERIFIED,57
2021-05-29,85.91000000000008,88.97000000000006,87.45216216216221,86.99000000000002,1.2063884005464311,86.99000000000002,86.99000000000002,37,3.059999999999974,0.0,87.08000000000001,2021-05-29 13:53:00-04:00,13.883333333333333,130.0,05-29 01:53PM,↖,SE,-0.0899999999999892,0.3721621621621978,-0.0899999999999892,UNSTABLE,VERIFIED,58
2021-05-30,86.99000000000002,88.07000000000006,87.36945945945949,86.99000000000002,0.5226957153170771,88.07000000000006,88.07000000000006,37,1.080000000000041,0.0,87.08000000000001,2021-05-30 13:53:00-04:00,13.883333333333333,100.0,05-30 01:53PM,←,E,-0.0899999999999892,0.28945945945947926,0.9900000000000517,STABLE,VERIFIED,59
2021-05-31,85.01000000000008,85.91000000000008,85.61810810810819,85.91000000000008,0.42712109808861726,85.01000000000008,85.91000000000008,37,0.9000000000000057,0.9000000000000057,87.98,2021-05-31 12:53:00-04:00,12.883333333333333,90.0,05-31 12:53PM,←,E,-2.069999999999922,-2.3618918918918155,-2.069999999999922,STABLE,WARM BUST,60
2021-06-01,85.01000000000008,85.91000000000008,85.3262162162163,85.01000000000008,0.4355797627642208,85.01000000000008,85.91000000000008,37,0.9000000000000057,0.9000000000000057,86.0,2021-06-01 13:53:00-04:00,13.883333333333333,120.0,06-01 01:53PM,↖,SE,-0.9899999999999238,-0.6737837837837048,-0.08999999999991815,STABLE,WARM MISS,61
2021-06-02,85.01000000000008,86.99000000000002,85.4916216216217,85.01000000000008,0.6668562793415724,85.01000000000008,85.01000000000008,37,1.9799999999999471,0.0,84.91999999999999,2021-06-02 11:53:00-04:00,11.883333333333333,120.0,06-02 11:53AM,↖,SE,0.09000000000008868,0.5716216216217163,0.09000000000008868,MIXED,COOL MISS,62
2021-06-03,85.01000000000008,85.91000000000008,85.18027027027034,85.01000000000008,0.3573551492600893,85.01000000000008,85.91000000000008,37,0.9000000000000057,0.9000000000000057,84.91999999999999,2021-06-03 09:53:00-04:00,9.883333333333333,140.0,06-03 09:53AM,↖,SE,0.09000000000008868,0.2602702702703539,0.9900000000000944,STABLE,COOL MISS,63
2021-06-04,85.91000000000008,86.99000000000002,86.40621621621627,85.91000000000008,0.545646157990412,85.91000000000008,86.99000000000002,37,1.0799999999999415,1.0799999999999415,87.08000000000001,2021-06-04 12:53:00-04:00,12.883333333333333,130.0,06-04 12:53PM,↖,SE,-1.1699999999999307,-0.6737837837837475,-0.0899999999999892,MIXED,WARM MISS,64
2021-06-05,86.99000000000002,86.99000000000002,86.99000000000002,86.99000000000002,0.0,86.99000000000002,86.99000000000002,37,0.0,0.0,87.08000000000001,2021-06-05 12:53:00-04:00,12.883333333333333,110.0,06-05 12:53PM,←,E,-0.0899999999999892,-0.0899999999999892,-0.0899999999999892,STABLE,WARM MISS,65
2021-06-06,86.99000000000002,88.07000000000006,87.36945945945949,86.99000000000002,0.5226957153170828,86.99000000000002,88.07000000000006,37,1.080000000000041,1.080000000000041,87.8,2021-06-06 12:50:00-04:00,12.833333333333334,110.0,06-06 12:50PM,←,E,-0.8099999999999739,-0.4305405405405054,0.2700000000000671,MIXED,VERIFIED,66
2021-06-07,85.91000000000008,86.99000000000002,86.87324324324328,86.99000000000002,0.33998410137706636,85.91000000000008,86.99000000000002,37,1.0799999999999415,1.0799999999999415,87.98,2021-06-07 14:53:00-04:00,14.883333333333333,120.0,06-07 02:53PM,↖,SE,-0.9899999999999807,-1.1067567567567238,-0.9899999999999807,MIXED,WARM MISS,67
2021-06-08,85.91000000000008,86.99000000000002,86.62513513513518,86.99000000000002,0.5099761520656128,86.99000000000002,86.99000000000002,37,1.0799999999999415,0.0,87.98,2021-06-08 12:53:00-04:00,12.883333333333333,90.0,06-08 12:53PM,←,E,-0.9899999999999807,-1.3548648648648225,-0.9899999999999807,STABLE,WARM MISS,68
2021-06-09,86.99000000000002,88.07000000000006,87.48621621621626,86.99000000000002,0.5456461579904718,88.07000000000006,86.99000000000002,37,1.080000000000041,-1.080000000000041,87.98,2021-06-09 12:53:00-04:00,12.883333333333333,110.0,06-09 12:53PM,←,E,-0.9899999999999807,-0.49378378378374066,-0.9899999999999807,MIXED,VERIFIED,69
2021-06-10,86.99000000000002,88.97000000000006,88.24513513513519,88.07000000000006,0.6066924061463764,88.07000000000006,88.07000000000006,37,1.9800000000000324,0.0,87.98,2021-06-10 12:53:00-04:00,12.883333333333333,130.0,06-10 12:53PM,↖,SE,0.09000000000006025,0.26513513513518205,0.09000000000006025,MIXED,VERIFIED,70
2021-06-11,88.07000000000006,92.03000000000004,89.29594594594599,88.97000000000006,1.4436440378805482,88.97000000000006,90.95,37,3.9599999999999795,1.9799999999999471,89.06,2021-06-11 13:53:00-04:00,13.883333333333333,160.0,06-11 01:53PM,↑,S,-0.08999999999994657,0.2359459459459856,1.8900000000000006,UNSTABLE,VERIFIED,71
2021-06-12,88.07000000000006,94.91000000000008,91.21270270270274,90.95,2.517711315911787,94.91000000000008,90.95,37,6.840000000000018,-3.960000000000079,87.98,2021-06-12 12:53:00-04:00,12.883333333333333,170.0,06-12 12:53PM,↑,S,2.969999999999999,3.2327027027027384,2.969999999999999,UNSTABLE,COOL MISS,72
2021-06-13,90.05,94.01000000000008,91.11054054054055,90.95,1.0162730001386655,94.01000000000008,90.95,37,3.960000000000079,-3.0600000000000733,93.02,2021-06-13 14:53:00-04:00,14.883333333333333,230.0,06-13 02:53PM,↗,SW,-2.069999999999993,-1.9094594594594412,-2.069999999999993,UNSTABLE,VERIFIED,73
2021-06-14,85.91000000000008,88.07000000000006,87.10675675675681,86.99000000000002,0.8738359051842448,88.07000000000006,85.91000000000008,37,2.1599999999999824,-2.1599999999999824,86.0,2021-06-14 10:53:00-04:00,10.883333333333333,200.0,06-14 10:53AM,↑,S,0.9900000000000233,1.106756756756809,-0.08999999999991815,UNSTABLE,VERIFIED,74
2021-06-15,88.97000000000006,90.05,89.37864864864868,88.97000000000006,0.5155264955048758,90.05,88.97000000000006,37,1.0799999999999415,-1.0799999999999415,89.06,2021-06-15 11:53:00-04:00,11.883333333333333,220.0,06-15 11:53AM,↗,SW,-0.08999999999994657,0.3186486486486757,-0.08999999999994657,MIXED,VERIFIED,75
2021-06-16,85.91000000000008,88.07000000000006,86.87324324324331,86.99000000000002,0.835936115495185,86.99000000000002,86.99000000000002,37,2.1599999999999824,0.0,87.8,2021-06-16 12:48:00-04:00,12.8,150.0,06-16 12:48PM,↖,SE,-0.8099999999999739,-0.9267567567566886,-0.8099999999999739,MIXED,VERIFIED,76
2021-06-17,85.91000000000008,86.99000000000002,86.17270270270278,85.91000000000008,0.4697555430968894,86.99000000000002,85.91000000000008,37,1.0799999999999415,-1.0799999999999415,87.98,2021-06-17 14:53:00-04:00,14.883333333333333,70.0,06-17 02:53PM,←,E,-2.069999999999922,-1.8072972972972252,-2.069999999999922,MIXED,WARM MISS,77
2021-06-18,86.99000000000002,88.97000000000006,88.02378378378384,88.07000000000006,0.6043423944501566,88.07000000000006,86.99000000000002,37,1.9800000000000324,-1.080000000000041,89.06,2021-06-18 14:53:00-04:00,14.883333333333333,100.0,06-18 02:53PM,←,E,-0.989999999999938,-1.036216216216161,-2.069999999999979,MIXED,WARM MISS,78
2021-06-19,88.97000000000006,90.95,89.34459459459464,88.97000000000006,0.7861813283721829,88.97000000000006,90.95,37,1.9799999999999471,1.9799999999999471,89.06,2021-06-19 14:53:00-04:00,14.883333333333333,120.0,06-19 02:53PM,↖,SE,-0.08999999999994657,0.2845945945946369,1.8900000000000006,MIXED,VERIFIED,79
2021-06-20,88.97000000000006,90.95,89.87486486486489,90.05,0.6781413390110078,88.97000000000006,90.05,37,1.9799999999999471,1.0799999999999415,91.94,2021-06-20 15:53:00-04:00,15.883333333333333,130.0,06-20 03:53PM,↖,SE,-1.8900000000000006,-2.065135135135108,-1.8900000000000006,MIXED,WARM MISS,80
2021-06-21,88.97000000000006,90.05,89.49540540540542,88.97000000000006,0.5472486464862645,88.97000000000006,88.97000000000006,37,1.0799999999999415,0.0,91.03999999999999,2021-06-21 14:53:00-04:00,14.883333333333333,140.0,06-21 02:53PM,↖,SE,-2.0699999999999363,-1.544594594594571,-2.0699999999999363,STABLE,WARM MISS,81
2021-06-22,90.05,90.05,90.05,90.05,0.0,90.05,90.05,37,0.0,0.0,91.03999999999999,2021-06-22 13:53:00-04:00,13.883333333333333,150.0,06-22 01:53PM,↖,SE,-0.9899999999999949,-0.9899999999999949,-0.9899999999999949,STABLE,WARM MISS,82
2021-06-23,88.07000000000006,88.97000000000006,88.58081081081086,88.97000000000006,0.4520224821005262,88.97000000000006,88.97000000000006,37,0.8999999999999915,0.0,89.96000000000001,2021-06-23 12:53:00-04:00,12.883333333333333,140.0,06-23 12:53PM,↖,SE,-0.9899999999999523,-1.3791891891891481,-0.9899999999999523,STABLE,WARM MISS,83
2021-06-24,86.99000000000002,86.99000000000002,86.99000000000002,86.99000000000002,0.0,86.99000000000002,86.99000000000002,37,0.0,0.0,84.91999999999999,2021-06-24 16:53:00-04:00,16.883333333333333,90.0,06-24 04:53PM,←,E,2.070000000000036,2.070000000000036,2.070000000000036,STABLE,COOL BUST,84
2021-06-25,86.99000000000002,88.07000000000006,87.42783783783787,86.99000000000002,0.537562064298622,86.99000000000002,86.99000000000002,37,1.080000000000041,0.0,86.0,2021-06-25 10:51:00-04:00,10.85,90.0,06-25 10:51AM,←,E,0.9900000000000233,1.4278378378378704,0.9900000000000233,STABLE,COOL MISS,85
2021-06-26,88.07000000000006,88.07000000000006,88.07000000000006,88.07000000000006,0.0,88.07000000000006,88.07000000000006,37,0.0,0.0,87.98,2021-06-26 14:53:00-04:00,14.883333333333333,100.0,06-26 02:53PM,←,E,0.09000000000006025,0.09000000000006025,0.09000000000006025,STABLE,COOL MISS,86
2021-06-27,88.07000000000006,88.97000000000006,88.38621621621628,88.07000000000006,0.43557976276421606,88.07000000000006,88.97000000000006,37,0.8999999999999915,0.8999999999999915,89.06,2021-06-27 12:53:00-04:00,12.883333333333333,100.0,06-27 12:53PM,←,E,-0.989999999999938,-0.6737837837837191,-0.08999999999994657,STABLE,WARM MISS,87
2021-06-28,86.99000000000002,88.07000000000006,87.92405405405411,88.07000000000006,0.37431017633523905,88.07000000000006,88.07000000000006,37,1.080000000000041,0.0,84.91999999999999,2021-06-28 14:28:00-04:00,14.466666666666667,90.0,06-28 02:28PM,←,E,3.1500000000000767,3.004054054054123,3.1500000000000767,STABLE,COOL BUST,88
2021-06-29,86.99000000000002,88.07000000000006,87.22351351351355,86.99000000000002,0.450729139014523,86.99000000000002,86.99000000000002,37,1.080000000000041,0.0,87.98,2021-06-29 11:59:00-04:00,11.983333333333333,100.0,06-29 11:59AM,←,E,-0.9899999999999807,-0.7564864864864518,-0.9899999999999807,STABLE,VERIFIED,89
2021-06-30,85.91000000000008,86.99000000000002,86.43540540540546,85.91000000000008,0.5472486464862596,86.99000000000002,85.91000000000008,37,1.0799999999999415,-1.0799999999999415,86.0,2021-06-30 10:53:00-04:00,10.883333333333333,110.0,06-30 10:53AM,←,E,-0.08999999999991815,0.43540540540546147,-0.08999999999991815,MIXED,VERIFIED,90
2021-07-01,85.91000000000008,86.99000000000002,86.5521621621622,86.99000000000002,0.5375620642985682,86.99000000000002,85.91000000000008,37,1.0799999999999415,-1.0799999999999415,82.04,2021-07-01 09:53:00-04:00,9.883333333333333,170.0,07-01 09:53AM,↑,S,4.950000000000017,4.512162162162198,3.8700000000000756,MIXED,COOL BUST,91
2021-07-02,88.07000000000006,88.97000000000006,88.65378378378385,88.97000000000006,0.43557976276421767,88.97000000000006,88.07000000000006,37,0.8999999999999915,-0.8999999999999915,89.96000000000001,2021-07-02 13:53:00-04:00,13.883333333333333,230.0,07-02 01:53PM,↗,SW,-0.9899999999999523,-1.306216216216157,-1.8899999999999437,STABLE,WARM MISS,92
2021-07-03,90.95,92.03000000000004,91.5921621621622,92.03000000000004,0.5375620642986219,90.95,92.03000000000004,37,1.080000000000041,1.080000000000041,93.91999999999999,2021-07-03 12:53:00-04:00,12.883333333333333,260.0,07-03 12:53PM,→,W,-1.8899999999999437,-2.327837837837791,-1.8899999999999437,MIXED,WARM MISS,93
2021-07-04,90.05,90.95,90.2081081081081,90.05,0.339016861575398,90.05,90.05,37,0.9000000000000057,0.0,91.94,2021-07-04 14:53:00-04:00,14.883333333333333,110.0,07-04 02:53PM,←,E,-1.8900000000000006,-1.731891891891891,-1.8900000000000006,STABLE,WARM MISS,94
2021-07-05,86.99000000000002,88.97000000000006,87.53000000000003,86.99000000000002,0.8632496741963045,86.99000000000002,88.97000000000006,37,1.9800000000000324,1.9800000000000324,91.03999999999999,2021-07-05 12:53:00-04:00,12.883333333333333,110.0,07-05 12:53PM,←,E,-4.049999999999969,-3.5099999999999625,-2.0699999999999363,MIXED,WARM BUST,95
2021-07-06,85.91000000000008,85.91000000000008,85.91000000000008,85.91000000000008,0.0,85.91000000000008,85.91000000000008,37,0.0,0.0,84.91999999999999,2021-07-06 11:53:00-04:00,11.883333333333333,110.0,07-06 11:53AM,←,E,0.9900000000000944,0.9900000000000944,0.9900000000000944,STABLE,COOL MISS,96
2021-07-07,88.07000000000006,88.97000000000006,88.38621621621628,88.07000000000006,0.43557976276420995,88.97000000000006,88.07000000000006,37,0.8999999999999915,-0.8999999999999915,89.96000000000001,2021-07-07 14:53:00-04:00,14.883333333333333,140.0,07-07 02:53PM,↖,SE,-1.8899999999999437,-1.5737837837837247,-1.8899999999999437,STABLE,WARM MISS,97
2021-07-08,88.07000000000006,90.05,89.1013513513514,88.97000000000006,0.5258969172447602,88.97000000000006,90.05,37,1.979999999999933,1.0799999999999415,89.96000000000001,2021-07-08 12:53:00-04:00,12.883333333333333,130.0,07-08 12:53PM,↖,SE,-0.9899999999999523,-0.8586486486486109,0.0899999999999892,MIXED,VERIFIED,98
2021-07-09,88.97000000000006,90.05,89.75810810810813,90.05,0.4862431824019818,88.97000000000006,90.05,37,1.0799999999999415,1.0799999999999415,89.96000000000001,2021-07-09 13:53:00-04:00,13.883333333333333,110.0,07-09 01:53PM,←,E,0.0899999999999892,-0.20189189189187573,0.0899999999999892,MIXED,VERIFIED,99
2021-07-10,86.99000000000002,90.05,88.24513513513519,88.07000000000006,0.8853675370577188,88.07000000000006,88.07000000000006,37,3.059999999999974,0.0,87.98,2021-07-10 15:53:00-04:00,15.883333333333333,100.0,07-10 03:53PM,←,E,0.09000000000006025,0.26513513513518205,0.09000000000006025,UNSTABLE,VERIFIED,100
2021-07-11,88.07000000000006,90.05,89.17918918918922,88.97000000000006,0.9114407958415399,88.07000000000006,88.07000000000006,37,1.979999999999933,0.0,87.98,2021-07-11 15:53:00-04:00,15.883333333333333,120.0,07-11 03:53PM,↖,SE,0.9900000000000517,1.1991891891892124,0.09000000000006025,MIXED,COOL MISS,101
2021-07-12,88.07000000000006,88.97000000000006,88.6051351351352,88.97000000000006,0.44796838691549556,88.07000000000006,88.07000000000006,37,0.8999999999999915,0.0,84.91999999999999,2021-07-12 11:44:00-04:00,11.733333333333333,50.0,07-12 11:44AM,↙,NE,4.050000000000068,3.685135135135212,3.1500000000000767,STABLE,COOL BUST,102
2021-07-13,85.91000000000008,86.99000000000002,86.3186486486487,85.91000000000008,0.5310061841142142,85.91000000000008,86.99000000000002,37,1.0799999999999415,1.0799999999999415,84.91999999999999,2021-07-13 08:53:00-04:00,8.883333333333333,70.0,07-13 08:53AM,←,E,0.9900000000000944,1.3986486486487166,2.070000000000036,MIXED,COOL MISS,103
2021-07-14,88.07000000000006,88.07000000000006,88.07000000000006,88.07000000000006,0.0,88.07000000000006,88.07000000000006,37,0.0,0.0,87.98,2021-07-14 13:53:00-04:00,13.883333333333333,80.0,07-14 01:53PM,←,E,0.09000000000006025,0.09000000000006025,0.09000000000006025,STABLE,COOL MISS,104
2021-07-15,86.99000000000002,88.97000000000006,88.15756756756763,88.07000000000006,0.6992273728329916,88.07000000000006,86.99000000000002,37,1.9800000000000324,-1.080000000000041,89.06,2021-07-15 13:53:00-04:00,13.883333333333333,80.0,07-15 01:53PM,←,E,-0.989999999999938,-0.9024324324323771,-2.069999999999979,MIXED,WARM MISS,105
2021-07-16,86.99000000000002,88.07000000000006,87.19432432432436,86.99000000000002,0.42882617911212845,86.99000000000002,88.07000000000006,37,1.080000000000041,1.080000000000041,89.06,2021-07-16 14:53:00-04:00,14.883333333333333,100.0,07-16 02:53PM,←,E,-2.069999999999979,-1.8656756756756465,-0.989999999999938,MIXED,WARM MISS,106
2021-07-17,86.99000000000002,88.97000000000006,88.26945945945951,88.07000000000006,0.6174227164680757,88.07000000000006,88.97000000000006,37,1.9800000000000324,0.8999999999999915,87.98,2021-07-17 16:53:00-04:00,16.883333333333333,90.0,07-17 04:53PM,←,E,0.09000000000006025,0.2894594594595077,0.9900000000000517,MIXED,VERIFIED,107
2021-07-18,88.97000000000006,88.97000000000006,88.97000000000006,88.97000000000006,0.0,88.97000000000006,88.97000000000006,37,0.0,0.0,89.06,2021-07-18 12:53:00-04:00,12.883333333333333,100.0,07-18 12:53PM,←,E,-0.08999999999994657,-0.08999999999994657,-0.08999999999994657,STABLE,WARM MISS,108
2021-07-19,88.97000000000006,89.51000000000002,88.98459459459465,88.97000000000006,0.08877545314488697,88.97000000000006,88.97000000000006,37,0.5399999999999636,0.0,89.06,2021-07-19 12:53:00-04:00,12.883333333333333,110.0,07-19 12:53PM,←,E,-0.08999999999994657,-0.07540540540534835,-0.08999999999994657,STABLE,VERIFIED,109
2021-07-20,90.05,90.95,90.5608108108108,90.95,0.4520224821005374,90.05,90.05,37,0.9000000000000057,0.0,89.06,2021-07-20 12:40:00-04:00,12.666666666666666,140.0,07-20 12:40PM,↖,SE,1.8900000000000006,1.5008108108108047,0.9899999999999949,STABLE,COOL MISS,110
2021-07-21,90.95,90.95,90.95,90.95,0.0,90.95,90.95,37,0.0,0.0,91.03999999999999,2021-07-21 13:53:00-04:00,13.883333333333333,120.0,07-21 01:53PM,↖,SE,-0.0899999999999892,-0.0899999999999892,-0.0899999999999892,STABLE,WARM MISS,111
2021-07-22,90.95,92.03000000000004,91.03756756756758,90.95,0.29886270914740454,90.95,90.95,37,1.080000000000041,0.0,91.94,2021-07-22 11:53:00-04:00,11.883333333333333,110.0,07-22 11:53AM,←,E,-0.9899999999999949,-0.9024324324324198,-0.9899999999999949,STABLE,VERIFIED,112
2021-07-23,90.05,90.95,90.68243243243244,90.95,0.4170358724605393,90.95,90.95,37,0.9000000000000057,0.0,91.03999999999999,2021-07-23 13:18:00-04:00,13.3,130.0,07-23 01:18PM,↖,SE,-0.0899999999999892,-0.3575675675675569,-0.0899999999999892,STABLE,WARM MISS,113
2021-07-24,88.97000000000006,90.05,89.99162162162162,90.05,0.24758290994592172,90.05,88.97000000000006,37,1.0799999999999415,-1.0799999999999415,89.96000000000001,2021-07-24 11:53:00-04:00,11.883333333333333,250.0,07-24 11:53AM,→,W,0.0899999999999892,0.03162162162161053,-0.9899999999999523,MIXED,VERIFIED,114
2021-07-25,88.97000000000006,90.05,89.17432432432437,88.97000000000006,0.42882617911208676,88.97000000000006,90.05,37,1.0799999999999415,1.0799999999999415,89.96000000000001,2021-07-25 11:53:00-04:00,11.883333333333333,240.0,07-25 11:53AM,↗,SW,-0.9899999999999523,-0.785675675675634,0.0899999999999892,MIXED,VERIFIED,115
2021-07-26,88.97000000000006,90.05,89.8456756756757,90.05,0.4288261791120885,88.97000000000006,90.05,37,1.0799999999999415,1.0799999999999415,89.96000000000001,2021-07-26 15:53:00-04:00,15.883333333333333,110.0,07-26 03:53PM,←,E,0.0899999999999892,-0.11432432432431483,0.0899999999999892,MIXED,VERIFIED,116
2021-07-27,90.95,92.03000000000004,91.38783783783786,90.95,0.5375620642986146,90.95,92.03000000000004,37,1.080000000000041,1.080000000000041,91.03999999999999,2021-07-27 12:53:00-04:00,12.883333333333333,130.0,07-27 12:53PM,↖,SE,-0.0899999999999892,0.34783783783787214,0.9900000000000517,MIXED,VERIFIED,117
2021-07-28,92.03000000000004,92.93000000000004,92.54081081081085,92.93000000000004,0.45202248210053214,92.03000000000004,92.93000000000004,37,0.8999999999999915,0.8999999999999915,91.03999999999999,2021-07-28 15:36:00-04:00,15.6,180.0,07-28 03:36PM,↑,S,1.8900000000000432,1.5008108108108615,1.8900000000000432,STABLE,COOL MISS,118
2021-07-29,90.95,92.03000000000004,91.38783783783786,90.95,0.5375620642986146,90.95,92.03000000000004,37,1.080000000000041,1.080000000000041,89.96000000000001,2021-07-29 12:46:00-04:00,12.766666666666667,130.0,07-29 12:46PM,↖,SE,0.9899999999999949,1.4278378378378562,2.070000000000036,MIXED,COOL MISS,119
2021-07-30,90.95,92.03000000000004,91.562972972973,92.03000000000004,0.5424269785206567,90.95,92.03000000000004,37,1.080000000000041,1.080000000000041,91.94,2021-07-30 13:53:00-04:00,13.883333333333333,150.0,07-30 01:53PM,↖,SE,0.09000000000004604,-0.37702702702699753,0.09000000000004604,MIXED,VERIFIED,120
2021-07-31,92.03000000000004,92.93000000000004,92.20027027027031,92.03000000000004,0.35735514926008605,92.03000000000004,92.93000000000004,37,0.8999999999999915,0.8999999999999915,91.94,2021-07-31 15:53:00-04:00,15.883333333333333,120.0,07-31 03:53PM,↖,SE,0.09000000000004604,0.26027027027031124,0.9900000000000375,STABLE,COOL MISS,121
2021-08-01,92.03000000000004,92.93000000000004,92.32189189189194,92.03000000000004,0.4271210980886261,92.03000000000004,92.93000000000004,37,0.8999999999999915,0.8999999999999915,91.94,2021-08-01 13:28:00-04:00,13.466666666666667,140.0,08-01 01:28PM,↖,SE,0.09000000000004604,0.3818918918919394,0.9900000000000375,STABLE,COOL MISS,122
2021-08-02,90.95,92.03000000000004,91.70891891891895,92.03000000000004,0.5004430469526616,90.95,92.03000000000004,37,1.080000000000041,1.080000000000041,91.03999999999999,2021-08-02 12:58:00-04:00,12.966666666666667,120.0,08-02 12:58PM,↖,SE,0.9900000000000517,0.6689189189189619,0.9900000000000517,MIXED,VERIFIED,123
2021-08-03,88.07000000000006,90.05,89.74351351351352,90.05,0.6262242064602136,90.05,90.05,37,1.979999999999933,0.0,87.98,2021-08-03 10:53:00-04:00,10.883333333333333,200.0,08-03 10:53AM,↑,S,2.069999999999993,1.7635135135135158,2.069999999999993,MIXED,COOL MISS,124
2021-08-04,90.05,90.95,90.4391891891892,90.05,0.4520224821005284,90.95,90.05,37,0.9000000000000057,-0.9000000000000057,91.03999999999999,2021-08-04 12:53:00-04:00,12.883333333333333,170.0,08-04 12:53PM,↑,S,-0.9899999999999949,-0.600810810810799,-0.9899999999999949,STABLE,WARM MISS,125
2021-08-05,88.97000000000006,90.95,90.41972972972974,90.95,0.6626482496035789,90.95,90.95,37,1.9799999999999471,0.0,91.94,2021-08-05 14:53:00-04:00,14.883333333333333,150.0,08-05 02:53PM,↖,SE,-0.9899999999999949,-1.5202702702702595,-0.9899999999999949,MIXED,WARM MISS,126
2021-08-06,90.05,90.95,90.29324324324324,90.05,0.4052026520016754,90.05,90.95,37,0.9000000000000057,0.9000000000000057,91.03999999999999,2021-08-06 12:53:00-04:00,12.883333333333333,110.0,08-06 12:53PM,←,E,-0.9899999999999949,-0.7467567567567528,-0.0899999999999892,STABLE,WARM MISS,127
2021-08-07,90.05,90.95,90.34189189189189,90.05,0.42712109808862075,90.05,90.05,37,0.9000000000000057,0.0,89.96000000000001,2021-08-07 12:38:00-04:00,12.633333333333333,110.0,08-07 12:38PM,←,E,0.0899999999999892,0.38189189189188255,0.0899999999999892,STABLE,COOL MISS,128
2021-08-08,90.05,90.95,90.57297297297296,90.95,0.4438772657244574,90.95,90.05,37,0.9000000000000057,-0.9000000000000057,89.96000000000001,2021-08-08 13:53:00-04:00,13.883333333333333,90.0,08-08 01:53PM,←,E,0.9899999999999949,0.6129729729729547,0.0899999999999892,STABLE,COOL MISS,129
2021-08-09,90.05,90.95,90.5608108108108,90.95,0.4520224821005247,90.95,90.05,37,0.9000000000000057,-0.9000000000000057,91.03999999999999,2021-08-09 11:53:00-04:00,11.883333333333333,120.0,08-09 11:53AM,↖,SE,-0.0899999999999892,-0.47918918918918507,-0.9899999999999949,STABLE,WARM MISS,130
2021-08-10,90.05,90.95,90.63378378378378,90.95,0.43557976276421434,90.05,90.05,37,0.9000000000000057,0.0,91.94,2021-08-10 15:53:00-04:00,15.883333333333333,110.0,08-10 03:53PM,←,E,-0.9899999999999949,-1.3062162162162139,-1.8900000000000006,STABLE,WARM MISS,131
2021-08-11,90.05,90.95,90.36621621621622,90.05,0.43557976276421406,90.05,90.95,37,0.9000000000000057,0.9000000000000057,91.03999999999999,2021-08-11 13:53:00-04:00,13.883333333333333,80.0,08-11 01:53PM,←,E,-0.9899999999999949,-0.6737837837837759,-0.0899999999999892,STABLE,WARM MISS,132
2021-08-12,90.95,90.95,90.95,90.95,0.0,90.95,90.95,37,0.0,0.0,91.03999999999999,2021-08-12 12:53:00-04:00,12.883333333333333,80.0,08-12 12:53PM,←,E,-0.0899999999999892,-0.0899999999999892,-0.0899999999999892,STABLE,WARM MISS,133
2021-08-13,88.97000000000006,90.95,90.13513513513514,90.05,0.6022256019762486,88.97000000000006,90.95,37,1.9799999999999471,1.9799999999999471,89.96000000000001,2021-08-13 15:53:00-04:00,15.883333333333333,80.0,08-13 03:53PM,←,E,0.0899999999999892,0.175135135135136,0.9899999999999949,MIXED,VERIFIED,134
2021-08-14,85.01000000000008,85.91000000000008,85.28972972972981,85.01000000000008,0.41557514687804786,85.91000000000008,85.91000000000008,37,0.9000000000000057,0.0,86.0,2021-08-14 10:53:00-04:00,10.883333333333333,110.0,08-14 10:53AM,←,E,-0.9899999999999238,-0.7102702702701862,-0.08999999999991815,STABLE,WARM MISS,135
2021-08-15,86.99000000000002,88.07000000000006,87.92405405405411,88.07000000000006,0.37431017633524327,86.99000000000002,88.07000000000006,37,1.080000000000041,1.080000000000041,86.0,2021-08-15 13:50:00-04:00,13.833333333333334,90.0,08-15 01:50PM,←,E,2.0700000000000642,1.9240540540541105,2.0700000000000642,MIXED,COOL MISS,136
2021-08-16,90.05,90.05,90.05,90.05,0.0,90.05,90.05,37,0.0,0.0,89.96000000000001,2021-08-16 12:53:00-04:00,12.883333333333333,120.0,08-16 12:53PM,↖,SE,0.0899999999999892,0.0899999999999892,0.0899999999999892,STABLE,COOL MISS,137
2021-08-17,90.05,90.05,90.05,90.05,0.0,90.05,90.05,37,0.0,0.0,91.03999999999999,2021-08-17 14:14:00-04:00,14.233333333333333,100.0,08-17 02:14PM,←,E,-0.9899999999999949,-0.9899999999999949,-0.9899999999999949,STABLE,WARM MISS,138
2021-08-18,90.95,90.95,90.95,90.95,0.0,90.95,90.95,37,0.0,0.0,91.03999999999999,2021-08-18 12:53:00-04:00,12.883333333333333,110.0,08-18 12:53PM,←,E,-0.0899999999999892,-0.0899999999999892,-0.0899999999999892,STABLE,WARM MISS,139
2021-08-19,90.05,92.03000000000004,91.03270270270272,90.95,0.9624293585870703,90.05,90.95,37,1.9800000000000466,0.9000000000000057,91.94,2021-08-19 14:53:00-04:00,14.883333333333333,80.0,08-19 02:53PM,←,E,-0.9899999999999949,-0.9072972972972764,-0.9899999999999949,MIXED,VERIFIED,140
2021-08-20,90.95,92.03000000000004,91.35864864864867,90.95,0.5310061841142648,90.95,92.03000000000004,37,1.080000000000041,1.080000000000041,91.03999999999999,2021-08-20 13:53:00-04:00,13.883333333333333,130.0,08-20 01:53PM,↖,SE,-0.0899999999999892,0.3186486486486757,0.9900000000000517,MIXED,VERIFIED,141
2021-08-21,90.95,92.93000000000004,91.5410810810811,92.03000000000004,0.6046844162397961,90.95,92.93000000000004,37,1.9800000000000324,1.9800000000000324,91.03999999999999,2021-08-21 13:53:00-04:00,13.883333333333333,120.0,08-21 01:53PM,↖,SE,0.9900000000000517,0.5010810810811108,1.8900000000000432,MIXED,VERIFIED,142
2021-08-22,90.95,92.93000000000004,91.56540540540541,90.95,0.9142653231316976,90.95,90.95,37,1.9800000000000324,0.0,91.03999999999999,2021-08-22 11:53:00-04:00,11.883333333333333,160.0,08-22 11:53AM,↑,S,-0.0899999999999892,0.5254054054054222,-0.0899999999999892,MIXED,VERIFIED,143
2021-08-23,90.95,90.95,90.95,90.95,0.0,90.95,90.95,37,0.0,0.0,91.03999999999999,2021-08-23 12:53:00-04:00,12.883333333333333,150.0,08-23 12:53PM,↖,SE,-0.0899999999999892,-0.0899999999999892,-0.0899999999999892,STABLE,WARM MISS,144
2021-08-24,90.95,90.95,90.95,90.95,0.0,90.95,90.95,37,0.0,0.0,89.96000000000001,2021-08-24 11:53:00-04:00,11.883333333333333,110.0,08-24 11:53AM,←,E,0.9899999999999949,0.9899999999999949,0.9899999999999949,STABLE,COOL MISS,145
2021-08-25,90.95,90.95,90.95,90.95,0.0,90.95,90.95,37,0.0,0.0,89.96000000000001,2021-08-25 12:53:00-04:00,12.883333333333333,80.0,08-25 12:53PM,←,E,0.9899999999999949,0.9899999999999949,0.9899999999999949,STABLE,COOL MISS,146
2021-08-26,88.97000000000006,89.51000000000002,88.98459459459465,88.97000000000006,0.08877545314488684,88.97000000000006,88.97000000000006,37,0.5399999999999636,0.0,89.6,2021-08-26 12:50:00-04:00,12.833333333333334,110.0,08-26 12:50PM,←,E,-0.6299999999999386,-0.6154054054053404,-0.6299999999999386,STABLE,WARM MISS,147
2021-08-27,88.97000000000006,88.97000000000006,88.97000000000006,88.97000000000006,0.0,88.97000000000006,88.97000000000006,37,0.0,0.0,89.96000000000001,2021-08-27 12:08:00-04:00,12.133333333333333,100.0,08-27 12:08PM,←,E,-0.9899999999999523,-0.9899999999999523,-0.9899999999999523,STABLE,WARM MISS,148
2021-08-28,88.97000000000006,90.05,89.02837837837843,88.97000000000006,0.2475829099459237,88.97000000000006,88.97000000000006,37,1.0799999999999415,0.0,89.96000000000001,2021-08-28 12:45:00-04:00,12.75,110.0,08-28 12:45PM,←,E,-0.9899999999999523,-0.9316216216215736,-0.9899999999999523,STABLE,VERIFIED,149
2021-08-29,90.05,90.05,90.05,90.05,0.0,90.05,90.05,37,0.0,0.0,89.96000000000001,2021-08-29 12:53:00-04:00,12.883333333333333,120.0,08-29 12:53PM,↖,SE,0.0899999999999892,0.0899999999999892,0.0899999999999892,STABLE,COOL MISS,150
2021-08-30,88.97000000000006,90.95,90.01594594594594,90.05,0.6189572748648177,90.05,90.95,37,1.9799999999999471,0.9000000000000057,89.6,2021-08-30 16:49:00-04:00,16.816666666666666,130.0,08-30 04:49PM,↖,SE,0.45000000000000284,0.4159459459459498,1.3500000000000085,MIXED,VERIFIED,151
2021-08-31,90.05,92.03000000000004,91.03756756756758,90.95,0.6215455887695972,90.95,90.95,37,1.9800000000000466,0.0,93.02,2021-08-31 13:53:00-04:00,13.883333333333333,310.0,08-31 01:53PM,↘,NW,-2.069999999999993,-1.982432432432418,-2.069999999999993,MIXED,WARM MISS,152
2021-09-01,92.93000000000004,94.91000000000008,93.7132432432433,94.01000000000008,0.765107305669743,92.93000000000004,94.91000000000008,37,1.9800000000000466,1.9800000000000466,96.08000000000001,2021-09-01 15:59:00-04:00,15.983333333333333,250.0,09-01 03:59PM,→,W,-2.0699999999999363,-2.3667567567567147,-1.1699999999999307,MIXED,WARM MISS,153
2021-09-02,90.05,90.95,90.77972972972972,90.95,0.3573551492600994,90.95,90.95,37,0.9000000000000057,0.0,87.98,2021-09-02 11:53:00-04:00,11.883333333333333,230.0,09-02 11:53AM,↗,SW,2.969999999999999,2.7997297297297195,2.969999999999999,STABLE,COOL BUST,154
2021-09-03,90.05,90.95,90.60945945945946,90.95,0.44250515342854907,90.95,90.05,37,0.9000000000000057,-0.9000000000000057,84.02,2021-09-03 09:53:00-04:00,9.883333333333333,280.0,09-03 09:53AM,→,W,6.930000000000007,6.589459459459462,6.030000000000001,STABLE,COOL BUST,155
2021-09-04,90.05,90.95,90.73108108108109,90.95,0.39146295258075525,90.95,90.05,37,0.9000000000000057,-0.9000000000000057,91.03999999999999,2021-09-04 13:53:00-04:00,13.883333333333333,240.0,09-04 01:53PM,↗,SW,-0.0899999999999892,-0.30891891891890566,-0.9899999999999949,STABLE,WARM MISS,156
2021-09-05,90.05,90.95,90.41486486486487,90.05,0.44796838691550783,90.95,90.05,37,0.9000000000000057,-0.9000000000000057,91.94,2021-09-05 13:53:00-04:00,13.883333333333333,250.0,09-05 01:53PM,→,W,-1.8900000000000006,-1.5251351351351303,-1.8900000000000006,STABLE,WARM MISS,157
2021-09-06,90.05,90.95,90.4391891891892,90.05,0.45202248210054263,90.95,90.05,37,0.9000000000000057,-0.9000000000000057,91.94,2021-09-06 13:53:00-04:00,13.883333333333333,310.0,09-06 01:53PM,↘,NW,-1.8900000000000006,-1.5008108108108047,-1.8900000000000006,STABLE,WARM MISS,158
2021-09-07,88.97000000000006,90.05,89.582972972973,90.05,0.542426978520603,88.97000000000006,90.05,37,1.0799999999999415,1.0799999999999415,89.96000000000001,2021-09-07 12:53:00-04:00,12.883333333333333,140.0,09-07 12:53PM,↖,SE,0.0899999999999892,-0.37702702702701174,0.0899999999999892,MIXED,VERIFIED,159
2021-09-08,90.05,90.05,90.05,90.05,0.0,90.05,90.05,37,0.0,0.0,89.06,2021-09-08 10:53:00-04:00,10.883333333333333,200.0,09-08 10:53AM,↑,S,0.9899999999999949,0.9899999999999949,0.9899999999999949,STABLE,COOL MISS,160
2021-09-09,90.95,92.03000000000004,91.41702702702705,90.95,0.5424269785206586,90.95,92.03000000000004,37,1.080000000000041,1.080000000000041,91.94,2021-09-09 12:53:00-04:00,12.883333333333333,200.0,09-09 12:53PM,↑,S,-0.9899999999999949,-0.5229729729729513,0.09000000000004604,MIXED,VERIFIED,161
2021-09-10,90.95,90.95,90.95,90.95,0.0,90.95,90.95,37,0.0,0.0,89.96000000000001,2021-09-10 11:53:00-04:00,11.883333333333333,120.0,09-10 11:53AM,↖,SE,0.9899999999999949,0.9899999999999949,0.9899999999999949,STABLE,COOL MISS,162
2021-09-11,90.05,90.95,90.24459459459459,90.05,0.3756076158454239,90.05,90.05,37,0.9000000000000057,0.0,89.96000000000001,2021-09-11 12:53:00-04:00,12.883333333333333,100.0,09-11 12:53PM,←,E,0.0899999999999892,0.28459459459458003,0.0899999999999892,STABLE,COOL MISS,163
2021-09-12,88.07000000000006,88.97000000000006,88.70243243243249,88.97000000000006,0.4170358724605214,88.07000000000006,88.97000000000006,37,0.8999999999999915,0.8999999999999915,89.96000000000001,2021-09-12 13:53:00-04:00,13.883333333333333,100.0,09-12 01:53PM,←,E,-0.9899999999999523,-1.25756756756752,-0.9899999999999523,STABLE,WARM MISS,164
2021-09-13,88.07000000000006,88.97000000000006,88.55648648648655,88.97000000000006,0.4547051316587023,88.07000000000006,88.07000000000006,37,0.8999999999999915,0.0,89.06,2021-09-13 13:53:00-04:00,13.883333333333333,90.0,09-13 01:53PM,←,E,-0.08999999999994657,-0.5035135135134539,-0.989999999999938,STABLE,WARM MISS,165
2021-09-14,86.99000000000002,88.97000000000006,87.94351351351357,88.07000000000006,0.7210802706750297,86.99000000000002,88.07000000000006,37,1.9800000000000324,1.080000000000041,89.06,2021-09-14 12:53:00-04:00,12.883333333333333,110.0,09-14 12:53PM,←,E,-0.989999999999938,-1.116486486486437,-0.989999999999938,MIXED,WARM MISS,166
2021-09-15,88.07000000000006,88.97000000000006,88.3132432432433,88.07000000000006,0.40520265200166733,88.97000000000006,88.07000000000006,37,0.8999999999999915,-0.8999999999999915,89.96000000000001,2021-09-15 13:42:00-04:00,13.7,140.0,09-15 01:42PM,↖,SE,-1.8899999999999437,-1.6467567567567016,-1.8899999999999437,STABLE,WARM MISS,167
2021-09-16,88.07000000000006,90.95,89.75810810810813,90.05,0.9640707611126729,90.05,90.95,37,2.8799999999999386,0.9000000000000057,87.08000000000001,2021-09-16 13:53:00-04:00,13.883333333333333,190.0,09-16 01:53PM,↑,S,2.9699999999999847,2.6781081081081197,3.8699999999999903,MIXED,COOL MISS,168
2021-09-17,88.97000000000006,90.95,89.55500000000002,88.97000000000006,0.6712610733324175,90.95,88.97000000000006,36,1.9799999999999471,-1.9799999999999471,91.03999999999999,2021-09-17 13:53:00-04:00,13.883333333333333,270.0,09-17 01:53PM,→,W,-2.0699999999999363,-1.484999999999971,-2.0699999999999363,MIXED,WARM MISS,169
2021-09-18,88.97000000000006,90.05,89.78000000000002,90.05,0.47513665266915467,90.05,90.05,32,1.0799999999999415,0.0,91.03999999999999,2021-09-18 12:53:00-04:00,12.883333333333333,250.0,09-18 12:53PM,→,W,-0.9899999999999949,-1.2599999999999767,-0.9899999999999949,STABLE,WARM MISS,170
2021-09-19,88.97000000000006,88.97000000000006,88.97000000000006,88.97000000000006,0.0,88.97000000000006,88.97000000000006,37,0.0,0.0,89.06,2021-09-19 11:53:00-04:00,11.883333333333333,10.0,09-19 11:53AM,↓,N,-0.08999999999994657,-0.08999999999994657,-0.08999999999994657,STABLE,WARM MISS,171
2021-09-20,88.07000000000006,88.07000000000006,88.07000000000006,88.07000000000006,0.0,88.07000000000006,88.07000000000006,37,0.0,0.0,87.98,2021-09-20 10:53:00-04:00,10.883333333333333,120.0,09-20 10:53AM,↖,SE,0.09000000000006025,0.09000000000006025,0.09000000000006025,STABLE,COOL MISS,172
2021-09-21,88.07000000000006,88.52000000000007,88.09500000000007,88.07000000000006,0.10453980786557775,88.07000000000006,88.07000000000006,36,0.45000000000000284,0.0,87.08000000000001,2021-09-21 12:53:00-04:00,12.883333333333333,130.0,09-21 12:53PM,↖,SE,0.9900000000000517,1.0150000000000574,0.9900000000000517,STABLE,COOL MISS,173
2021-09-22,88.07000000000006,88.97000000000006,88.67428571428577,88.97000000000006,0.4218954826960357,88.97000000000006,88.97000000000006,35,0.8999999999999915,0.0,87.98,2021-09-22 13:43:00-04:00,13.716666666666667,130.0,09-22 01:43PM,↖,SE,0.9900000000000517,0.694285714285769,0.9900000000000517,STABLE,COOL MISS,174
2021-09-23,88.07000000000006,90.95,89.63250000000002,90.05,1.0333838313313675,90.05,88.07000000000006,36,2.8799999999999386,-1.979999999999933,87.98,2021-09-23 11:53:00-04:00,11.883333333333333,360.0,09-23 11:53AM,↓,N,2.069999999999993,1.6525000000000176,0.09000000000006025,MIXED,COOL MISS,175
2021-09-24,86.99000000000002,88.97000000000006,88.37648648648654,88.97000000000006,0.7763741087624918,88.97000000000006,86.99000000000002,37,1.9800000000000324,-1.9800000000000324,89.06,2021-09-24 12:53:00-04:00,12.883333333333333,120.0,09-24 12:53PM,↖,SE,-0.08999999999994657,-0.6835135135134607,-2.069999999999979,MIXED,WARM MISS,176
2021-09-25,86.99000000000002,88.07000000000006,87.71972972972978,88.07000000000006,0.5125453177063682,86.99000000000002,88.07000000000006,37,1.080000000000041,1.080000000000041,89.96000000000001,2021-09-25 12:53:00-04:00,12.883333333333333,280.0,09-25 12:53PM,→,W,-1.8899999999999437,-2.24027027027023,-1.8899999999999437,MIXED,WARM MISS,177
2021-09-26,85.91000000000008,88.07000000000006,86.28945945945952,85.91000000000008,0.6346737829868088,86.99000000000002,88.07000000000006,37,2.1599999999999824,1.080000000000041,89.06,2021-09-26 11:53:00-04:00,11.883333333333333,40.0,09-26 11:53AM,↙,NE,-3.1499999999999204,-2.7705405405404804,-0.989999999999938,MIXED,WARM MISS,178
2021-09-27,86.99000000000002,90.05,87.15540540540543,86.99000000000002,0.7014849115134796,86.99000000000002,90.05,37,3.059999999999974,3.059999999999974,87.98,2021-09-27 13:53:00-04:00,13.883333333333333,50.0,09-27 01:53PM,↙,NE,-0.9899999999999807,-0.8245945945945721,2.069999999999993,UNSTABLE,VERIFIED,179
2021-09-28,85.91000000000008,88.97000000000006,86.91216216216222,85.91000000000008,1.3278452368303184,85.91000000000008,85.91000000000008,37,3.059999999999974,0.0,87.98,2021-09-28 13:53:00-04:00,13.883333333333333,60.0,09-28 01:53PM,↙,NE,-2.069999999999922,-1.0678378378377857,-2.069999999999922,UNSTABLE,VERIFIED,180
2021-09-29,85.91000000000008,86.99000000000002,86.5813513513514,86.99000000000002,0.5310061841142184,85.91000000000008,86.99000000000002,37,1.0799999999999415,1.0799999999999415,87.98,2021-09-29 12:53:00-04:00,12.883333333333333,60.0,09-29 12:53PM,↙,NE,-0.9899999999999807,-1.398648648648603,-0.9899999999999807,MIXED,WARM MISS,181
2021-09-30,85.91000000000008,86.99000000000002,86.17270270270278,85.91000000000008,0.4697555430968894,86.99000000000002,85.91000000000008,37,1.0799999999999415,-1.0799999999999415,87.98,2021-09-30 11:53:00-04:00,11.883333333333333,60.0,09-30 11:53AM,↙,NE,-2.069999999999922,-1.8072972972972252,-2.069999999999922,MIXED,WARM MISS,182
2021-10-01,86.99000000000002,86.99000000000002,86.99000000000002,86.99000000000002,0.0,86.99000000000002,86.99000000000002,37,0.0,0.0,82.94,2021-10-01 14:53:00-04:00,14.883333333333333,70.0,10-01 02:53PM,←,E,4.050000000000026,4.050000000000026,4.050000000000026,STABLE,COOL BUST,183
2021-10-02,85.91000000000008,86.99000000000002,86.26027027027034,85.91000000000008,0.5125453177063247,85.91000000000008,85.91000000000008,37,1.0799999999999415,0.0,86.0,2021-10-02 14:53:00-04:00,14.883333333333333,70.0,10-02 02:53PM,←,E,-0.08999999999991815,0.26027027027033967,-0.08999999999991815,STABLE,VERIFIED,184
2021-10-03,85.91000000000008,85.91000000000008,85.91000000000008,85.91000000000008,0.0,85.91000000000008,85.91000000000008,37,0.0,0.0,86.0,2021-10-03 14:53:00-04:00,14.883333333333333,60.0,10-03 02:53PM,↙,NE,-0.08999999999991815,-0.08999999999991815,-0.08999999999991815,STABLE,WARM MISS,185
2021-10-04,86.99000000000002,86.99000000000002,86.99000000000002,86.99000000000002,0.0,86.99000000000002,86.99000000000002,37,0.0,0.0,87.08000000000001,2021-10-04 13:53:00-04:00,13.883333333333333,100.0,10-04 01:53PM,←,E,-0.0899999999999892,-0.0899999999999892,-0.0899999999999892,STABLE,WARM MISS,186
2021-10-05,86.99000000000002,88.07000000000006,87.74000000000005,88.07000000000006,0.5045507195232719,88.07000000000006,88.07000000000006,36,1.080000000000041,0.0,87.08000000000001,2021-10-05 10:53:00-04:00,10.883333333333333,100.0,10-05 10:53AM,←,E,0.9900000000000517,0.6600000000000392,0.9900000000000517,STABLE,VERIFIED,187
2021-10-06,88.07000000000006,88.97000000000006,88.36189189189194,88.07000000000006,0.42712109808861676,88.97000000000006,88.07000000000006,37,0.8999999999999915,-0.8999999999999915,89.06,2021-10-06 12:53:00-04:00,12.883333333333333,120.0,10-06 12:53PM,↖,SE,-0.989999999999938,-0.6981081081080589,-0.989999999999938,STABLE,WARM MISS,188
2021-10-07,88.07000000000006,88.07000000000006,88.07000000000006,88.07000000000006,0.0,88.07000000000006,88.07000000000006,37,0.0,0.0,89.06,2021-10-07 12:53:00-04:00,12.883333333333333,120.0,10-07 12:53PM,↖,SE,-0.989999999999938,-0.989999999999938,-0.989999999999938,STABLE,WARM MISS,189
2021-10-08,86.99000000000002,88.97000000000006,88.10405405405412,88.07000000000006,0.45662688062368095,86.99000000000002,88.07000000000006,37,1.9800000000000324,1.080000000000041,87.98,2021-10-08 13:53:00-04:00,13.883333333333333,120.0,10-08 01:53PM,↖,SE,0.09000000000006025,0.1240540540541133,0.09000000000006025,MIXED,VERIFIED,190
2021-10-09,86.99000000000002,88.07000000000006,87.54459459459463,88.07000000000006,0.5472486464863199,86.99000000000002,88.07000000000006,37,1.080000000000041,1.080000000000041,87.98,2021-10-09 13:53:00-04:00,13.883333333333333,200.0,10-09 01:53PM,↑,S,0.09000000000006025,-0.4354054054053762,0.09000000000006025,MIXED,VERIFIED,191
2021-10-10,85.01000000000008,88.97000000000006,86.30891891891899,85.91000000000008,1.5006809265274326,85.91000000000008,85.01000000000008,37,3.9599999999999795,-0.9000000000000057,89.06,2021-10-10 13:53:00-04:00,13.883333333333333,90.0,10-10 01:53PM,←,E,-3.1499999999999204,-2.7510810810810113,-4.049999999999926,UNSTABLE,WARM MISS,192
2021-10-11,85.91000000000008,86.99000000000002,86.1143243243244,85.91000000000008,0.42882617911208676,85.91000000000008,86.99000000000002,37,1.0799999999999415,1.0799999999999415,84.02,2021-10-11 14:11:00-04:00,14.183333333333334,100.0,10-11 02:11PM,←,E,1.8900000000000858,2.094324324324404,2.9700000000000273,MIXED,COOL MISS,193
2021-10-12,85.01000000000008,86.99000000000002,85.95378378378385,85.91000000000008,0.70151958613406,85.91000000000008,85.91000000000008,37,1.9799999999999471,0.0,86.0,2021-10-12 11:53:00-04:00,11.883333333333333,130.0,10-12 11:53AM,↖,SE,-0.08999999999991815,-0.046216216216151906,-0.08999999999991815,MIXED,VERIFIED,194
2021-10-13,85.91000000000008,86.99000000000002,86.72729729729733,86.99000000000002,0.4697555430968752,86.99000000000002,85.91000000000008,37,1.0799999999999415,-1.0799999999999415,87.08000000000001,2021-10-13 10:53:00-04:00,10.883333333333333,80.0,10-13 10:53AM,←,E,-0.0899999999999892,-0.3527027027026861,-1.1699999999999307,MIXED,WARM MISS,195
2021-10-14,85.01000000000008,86.99000000000002,86.74675675675678,86.99000000000002,0.6381137744863108,86.99000000000002,86.99000000000002,37,1.9799999999999471,0.0,87.08000000000001,2021-10-14 12:53:00-04:00,12.883333333333333,80.0,10-14 12:53PM,←,E,-0.0899999999999892,-0.3332432432432313,-0.0899999999999892,MIXED,WARM MISS,196
2021-10-15,85.91000000000008,88.97000000000006,86.50351351351358,85.91000000000008,0.9848638265043191,86.99000000000002,85.91000000000008,37,3.059999999999974,-1.0799999999999415,86.0,2021-10-15 11:53:00-04:00,11.883333333333333,40.0,10-15 11:53AM,↙,NE,-0.08999999999991815,0.5035135135135818,-0.08999999999991815,UNSTABLE,VERIFIED,197
2021-10-16,88.07000000000006,88.97000000000006,88.14297297297303,88.07000000000006,0.24905225762282318,88.97000000000006,88.07000000000006,37,0.8999999999999915,-0.8999999999999915,89.96000000000001,2021-10-16 15:53:00-04:00,15.883333333333333,330.0,10-16 03:53PM,↘,NW,-1.8899999999999437,-1.817027027026981,-1.8899999999999437,STABLE,WARM MISS,198
2021-10-17,86.99000000000002,88.52000000000007,87.73189189189193,88.07000000000006,0.5262437006107041,88.07000000000006,88.07000000000006,37,1.5300000000000438,0.0,91.03999999999999,2021-10-17 14:53:00-04:00,14.883333333333333,340.0,10-17 02:53PM,↓,N,-2.969999999999928,-3.3081081081080583,-2.969999999999928,MIXED,WARM BUST,199
2021-10-18,83.03000000000004,83.93000000000004,83.54081081081085,83.93000000000004,0.45202248210051554,83.93000000000004,83.03000000000004,37,0.8999999999999915,-0.8999999999999915,84.02,2021-10-18 13:53:00-04:00,13.883333333333333,40.0,10-18 01:53PM,↙,NE,-0.08999999999996078,-0.47918918918914244,-0.9899999999999523,STABLE,WARM MISS,200
2021-10-19,83.93000000000004,83.93000000000004,83.93000000000004,83.93000000000004,0.0,83.93000000000004,83.93000000000004,37,0.0,0.0,84.02,2021-10-19 12:53:00-04:00,12.883333333333333,70.0,10-19 12:53PM,←,E,-0.08999999999996078,-0.08999999999996078,-0.08999999999996078,STABLE,WARM MISS,201
2021-10-20,83.93000000000004,85.01000000000008,84.54297297297303,85.01000000000008,0.5424269785206586,85.01000000000008,83.93000000000004,37,1.080000000000041,-1.080000000000041,84.91999999999999,2021-10-20 13:53:00-04:00,13.883333333333333,70.0,10-20 01:53PM,←,E,0.09000000000008868,-0.3770270270269549,-0.9899999999999523,MIXED,VERIFIED,202
2021-10-21,85.01000000000008,85.91000000000008,85.71540540540549,85.91000000000008,0.3756076158454252,85.01000000000008,85.91000000000008,37,0.9000000000000057,0.9000000000000057,86.0,2021-10-21 12:53:00-04:00,12.883333333333333,70.0,10-21 12:53PM,←,E,-0.08999999999991815,-0.284594594594509,-0.08999999999991815,STABLE,WARM MISS,203
2021-10-22,85.01000000000008,85.91000000000008,85.3262162162163,85.01000000000008,0.43557976276422,85.01000000000008,85.01000000000008,37,0.9000000000000057,0.0,82.04,2021-10-22 14:07:00-04:00,14.116666666666667,10.0,10-22 02:07PM,↓,N,2.97000000000007,3.286216216216289,2.97000000000007,STABLE,COOL BUST,204
2021-10-23,85.01000000000008,85.01000000000008,85.01000000000008,85.01000000000008,0.0,85.01000000000008,85.01000000000008,37,0.0,0.0,86.0,2021-10-23 12:53:00-04:00,12.883333333333333,360.0,10-23 12:53PM,↓,N,-0.9899999999999238,-0.9899999999999238,-0.9899999999999238,STABLE,WARM MISS,205
2021-10-24,83.93000000000004,85.91000000000008,85.16081081081089,85.01000000000008,0.8066748566333009,83.93000000000004,85.91000000000008,37,1.9800000000000466,1.9800000000000466,86.0,2021-10-24 15:53:00-04:00,15.883333333333333,160.0,10-24 03:53PM,↑,S,-0.9899999999999238,-0.8391891891891134,-0.08999999999991815,MIXED,WARM MISS,206
2021-10-25,86.99000000000002,88.07000000000006,87.44000000000004,86.99000000000002,0.5400000000000216,86.99000000000002,88.07000000000006,36,1.080000000000041,1.080000000000041,87.08000000000001,2021-10-25 13:53:00-04:00,13.883333333333333,220.0,10-25 01:53PM,↗,SW,-0.0899999999999892,0.36000000000002785,0.9900000000000517,MIXED,VERIFIED,207
2021-10-26,88.97000000000006,88.97000000000006,88.97000000000006,88.97000000000006,0.0,88.97000000000006,88.97000000000006,36,0.0,0.0,87.98,2021-10-26 14:53:00-04:00,14.883333333333333,270.0,10-26 02:53PM,→,W,0.9900000000000517,0.9900000000000517,0.9900000000000517,STABLE,COOL MISS,208
2021-10-27,86.99000000000002,88.97000000000006,87.91918918918924,88.07000000000006,0.7003744172400447,86.99000000000002,88.07000000000006,37,1.9800000000000324,1.080000000000041,89.06,2021-10-27 15:53:00-04:00,15.883333333333333,240.0,10-27 03:53PM,↗,SW,-0.989999999999938,-1.1408108108107626,-0.989999999999938,MIXED,WARM MISS,209
2021-10-28,88.07000000000006,90.05,88.51756756756762,88.07000000000006,0.7898853834062749,88.07000000000006,88.07000000000006,37,1.979999999999933,0.0,89.96000000000001,2021-10-28 12:53:00-04:00,12.883333333333333,230.0,10-28 12:53PM,↗,SW,-1.8899999999999437,-1.4424324324323834,-1.8899999999999437,MIXED,VERIFIED,210
2021-10-29,85.91000000000008,86.99000000000002,86.08513513513522,85.91000000000008,0.403578586740747,85.91000000000008,85.91000000000008,37,1.0799999999999415,0.0,84.91999999999999,2021-10-29 11:53:00-04:00,11.883333333333333,240.0,10-29 11:53AM,↗,SW,0.9900000000000944,1.1651351351352304,0.9900000000000944,STABLE,COOL MISS,211
2021-10-30,81.95,83.03000000000004,82.06675675675676,81.95,0.33998410137710616,83.03000000000004,81.95,37,1.080000000000041,-1.080000000000041,82.04,2021-10-30 16:53:00-04:00,16.883333333333333,280.0,10-30 04:53PM,→,W,-0.09000000000000341,0.02675675675675393,-0.09000000000000341,MIXED,VERIFIED,212
2021-10-31,81.95,83.03000000000004,82.5337837837838,83.03000000000004,0.5456461579904621,81.95,83.03000000000004,37,1.080000000000041,1.080000000000041,82.94,2021-10-31 12:53:00-04:00,12.883333333333333,260.0,10-31 12:53PM,→,W,0.09000000000004604,-0.40621621621619397,0.09000000000004604,MIXED,VERIFIED,213
2021-11-01,79.97000000000006,81.05,80.64135135135137,81.05,0.5310061841142142,81.05,79.97000000000006,37,1.0799999999999415,-1.0799999999999415,82.04,2021-11-01 16:53:00-04:00,16.883333333333333,350.0,11-01 04:53PM,↓,N,-0.9900000000000091,-1.3986486486486314,-2.0699999999999505,MIXED,WARM MISS,214
2021-11-02,81.05,83.03000000000004,82.18837837837839,81.95,0.5056652027748398,83.03000000000004,81.05,37,1.9800000000000466,-1.9800000000000466,77.0,2021-11-02 11:53:00-04:00,11.883333333333333,20.0,11-02 11:53AM,↓,N,4.950000000000003,5.188378378378388,4.049999999999997,MIXED,COOL BUST,215
2021-11-03,81.95,83.03000000000004,82.71500000000003,83.03000000000004,0.4894165622744952,83.03000000000004,83.03000000000004,36,1.080000000000041,0.0,82.94,2021-11-03 12:53:00-04:00,12.883333333333333,90.0,11-03 12:53PM,←,E,0.09000000000004604,-0.2249999999999659,0.09000000000004604,STABLE,VERIFIED,216
2021-11-04,83.03000000000004,83.93000000000004,83.15162162162166,83.03000000000004,0.3119251469460202,83.03000000000004,83.03000000000004,37,0.8999999999999915,0.0,82.94,2021-11-04 14:53:00-04:00,14.883333333333333,110.0,11-04 02:53PM,←,E,0.09000000000004604,0.21162162162165998,0.09000000000004604,STABLE,COOL MISS,217
2021-11-05,79.07000000000006,79.97000000000006,79.75108108108114,79.97000000000006,0.39146295258075486,79.97000000000006,79.07000000000006,37,0.8999999999999915,-0.8999999999999915,78.98,2021-11-05 01:53:00-04:00,1.8833333333333333,100.0,11-05 01:53AM,←,E,0.9900000000000517,0.7710810810811353,0.09000000000006025,STABLE,COOL MISS,218
2021-11-06,72.95,79.07000000000006,77.5521621621622,77.99000000000002,1.5922854558693404,79.07000000000006,76.91000000000008,37,6.120000000000061,-2.1599999999999824,75.92,2021-11-06 15:53:00-04:00,15.883333333333333,300.0,11-06 03:53PM,↘,NW,2.0700000000000216,1.632162162162203,0.9900000000000801,UNSTABLE,VERIFIED,219
2021-11-07,74.03000000000004,74.93000000000004,74.56513513513517,74.93000000000004,0.4479683869154854,74.03000000000004,74.03000000000004,37,0.8999999999999915,0.0,75.02,2021-11-07 14:53:00-05:00,14.883333333333333,310.0,11-07 02:53PM,↘,NW,-0.08999999999996078,-0.454864864864831,-0.9899999999999523,STABLE,WARM MISS,220
2021-11-08,76.91000000000008,77.99000000000002,77.46459459459464,77.99000000000002,0.5472486464862651,76.91000000000008,77.99000000000002,37,1.0799999999999415,1.0799999999999415,75.92,2021-11-08 12:53:00-05:00,12.883333333333333,310.0,11-08 12:53PM,↘,NW,2.0700000000000216,1.544594594594642,2.0700000000000216,MIXED,COOL MISS,221
2021-11-09,79.07000000000006,79.07000000000006,79.07000000000006,79.07000000000006,0.0,79.07000000000006,79.07000000000006,37,0.0,0.0,78.98,2021-11-09 13:53:00-05:00,13.883333333333333,70.0,11-09 01:53PM,←,E,0.09000000000006025,0.09000000000006025,0.09000000000006025,STABLE,COOL MISS,222
2021-11-10,81.05,81.05,81.05,81.05,0.0,81.05,81.05,37,0.0,0.0,82.04,2021-11-10 11:53:00-05:00,11.883333333333333,90.0,11-10 11:53AM,←,E,-0.9900000000000091,-0.9900000000000091,-0.9900000000000091,STABLE,WARM MISS,223
2021-11-11,81.05,81.05,81.05,81.05,0.0,81.05,81.05,37,0.0,0.0,82.04,2021-11-11 10:53:00-05:00,10.883333333333333,100.0,11-11 10:53AM,←,E,-0.9900000000000091,-0.9900000000000091,-0.9900000000000091,STABLE,WARM MISS,224
2021-11-12,81.05,81.95,81.70675675675676,81.95,0.40520265200166994,81.05,81.05,37,0.9000000000000057,0.0,80.06,2021-11-12 12:53:00-05:00,12.883333333333333,160.0,11-12 12:53PM,↑,S,1.8900000000000006,1.6467567567567585,0.9899999999999949,STABLE,COOL MISS,225
2021-11-13,81.05,83.93000000000004,82.77702702702705,83.03000000000004,0.7816821777596404,81.95,83.03000000000004,37,2.880000000000038,1.080000000000041,84.02,2021-11-13 14:53:00-05:00,14.883333333333333,260.0,11-13 02:53PM,→,W,-0.9899999999999523,-1.2429729729729502,-0.9899999999999523,MIXED,WARM MISS,226
2021-11-14,79.07000000000006,79.97000000000006,79.75108108108114,79.97000000000006,0.3914629525807471,79.97000000000006,79.97000000000006,37,0.8999999999999915,0.0,77.0,2021-11-14 10:53:00-05:00,10.883333333333333,350.0,11-14 10:53AM,↓,N,2.9700000000000557,2.7510810810811392,2.9700000000000557,STABLE,COOL BUST,227
2021-11-15,76.91000000000008,77.99000000000002,77.5521621621622,77.99000000000002,0.5375620642985777,76.91000000000008,76.91000000000008,37,1.0799999999999415,0.0,77.0,2021-11-15 13:53:00-05:00,13.883333333333333,40.0,11-15 01:53PM,↙,NE,0.9900000000000233,0.5521621621622046,-0.08999999999991815,STABLE,VERIFIED,228
2021-11-16,79.07000000000006,79.97000000000006,79.36189189189194,79.07000000000006,0.4271210980886147,79.07000000000006,79.07000000000006,37,0.8999999999999915,0.0,77.0,2021-11-16 10:53:00-05:00,10.883333333333333,70.0,11-16 10:53AM,←,E,2.0700000000000642,2.3618918918919434,2.0700000000000642,STABLE,COOL BUST,229
2021-11-17,81.05,81.05,81.05,81.05,0.0,81.05,81.05,37,0.0,0.0,80.06,2021-11-17 09:53:00-05:00,9.883333333333333,90.0,11-17 09:53AM,←,E,0.9899999999999949,0.9899999999999949,0.9899999999999949,STABLE,COOL MISS,230
2021-11-18,79.97000000000006,79.97000000000006,79.97000000000006,79.97000000000006,0.0,79.97000000000006,79.97000000000006,37,0.0,0.0,80.06,2021-11-18 09:53:00-05:00,9.883333333333333,90.0,11-18 09:53AM,←,E,-0.08999999999994657,-0.08999999999994657,-0.08999999999994657,STABLE,WARM MISS,231
2021-11-19,79.07000000000006,79.97000000000006,79.38621621621628,79.07000000000006,0.43557976276421007,79.97000000000006,79.97000000000006,37,0.8999999999999915,0.0,82.04,2021-11-19 11:53:00-05:00,11.883333333333333,50.0,11-19 11:53AM,↙,NE,-2.969999999999942,-2.653783783783723,-2.0699999999999505,STABLE,WARM BUST,232
2021-11-20,79.07000000000006,79.97000000000006,79.58081081081086,79.97000000000006,0.45202248210052504,79.07000000000006,79.97000000000006,37,0.8999999999999915,0.8999999999999915,80.06,2021-11-20 10:53:00-05:00,10.883333333333333,70.0,11-20 10:53AM,←,E,-0.08999999999994657,-0.47918918918914244,-0.08999999999994657,STABLE,WARM MISS,233
2021-11-21,79.97000000000006,81.05,80.3202702702703,79.97000000000006,0.5125453177063101,81.05,79.97000000000006,37,1.0799999999999415,-1.0799999999999415,82.04,2021-11-21 10:53:00-05:00,10.883333333333333,80.0,11-21 10:53AM,←,E,-2.0699999999999505,-1.719729729729707,-2.0699999999999505,MIXED,WARM MISS,234
2021-11-22,83.03000000000004,85.01000000000008,83.40459459459466,83.03000000000004,0.7861813283722154,83.03000000000004,83.03000000000004,37,1.9800000000000324,0.0,82.94,2021-11-22 13:53:00-05:00,13.883333333333333,280.0,11-22 01:53PM,→,W,0.09000000000004604,0.4645945945946579,0.09000000000004604,MIXED,COOL MISS,235
2021-11-23,72.05,74.93000000000004,72.80405405405405,72.95,0.9513716981853709,74.93000000000004,72.05,37,2.880000000000038,-2.880000000000038,71.96,2021-11-23 14:53:00-05:00,14.883333333333333,30.0,11-23 02:53PM,↙,NE,0.9900000000000091,0.8440540540540553,0.09000000000000341,UNSTABLE,COOL MISS,236
2021-11-24,72.95,76.01000000000008,74.0348648648649,74.03000000000004,0.9143717382310788,72.95,76.01000000000008,37,3.0600000000000733,3.0600000000000733,75.92,2021-11-24 11:53:00-05:00,11.883333333333333,50.0,11-24 11:53AM,↙,NE,-1.889999999999958,-1.8851351351351013,0.09000000000007446,UNSTABLE,VERIFIED,237
2021-11-25,76.01000000000008,77.99000000000002,77.01216216216223,76.91000000000008,0.7403870426830456,76.01000000000008,76.91000000000008,37,1.9799999999999471,0.9000000000000057,77.0,2021-11-25 13:53:00-05:00,13.883333333333333,60.0,11-25 01:53PM,↙,NE,-0.08999999999991815,0.012162162162226764,-0.08999999999991815,MIXED,VERIFIED,238
2021-11-26,77.99000000000002,79.07000000000006,78.16513513513516,77.99000000000002,0.403578586740787,79.07000000000006,77.99000000000002,37,1.080000000000041,-1.080000000000041,78.98,2021-11-26 12:53:00-05:00,12.883333333333333,330.0,11-26 12:53PM,↘,NW,-0.9899999999999807,-0.8148648648648447,-0.9899999999999807,MIXED,VERIFIED,239
2021-11-27,76.01000000000008,76.91000000000008,76.61810810810819,76.91000000000008,0.42712109808861726,76.01000000000008,76.91000000000008,37,0.9000000000000057,0.9000000000000057,75.92,2021-11-27 13:53:00-05:00,13.883333333333333,320.0,11-27 01:53PM,↘,NW,0.9900000000000801,0.6981081081081868,0.9900000000000801,STABLE,COOL MISS,240
2021-11-28,76.91000000000008,77.99000000000002,77.08513513513522,76.91000000000008,0.40357858674075003,77.99000000000002,76.91000000000008,37,1.0799999999999415,-1.0799999999999415,77.0,2021-11-28 12:53:00-05:00,12.883333333333333,230.0,11-28 12:53PM,↗,SW,-0.08999999999991815,0.08513513513521787,-0.08999999999991815,MIXED,VERIFIED,241
2021-11-29,74.03000000000004,74.03000000000004,74.03000000000004,74.03000000000004,0.0,74.03000000000004,74.03000000000004,37,0.0,0.0,73.94,2021-11-29 14:53:00-05:00,14.883333333333333,280.0,11-29 02:53PM,→,W,0.09000000000004604,0.09000000000004604,0.09000000000004604,STABLE,COOL MISS,242
2021-11-30,74.93000000000004,74.93000000000004,74.93000000000004,74.93000000000004,0.0,74.93000000000004,74.93000000000004,37,0.0,0.0,77.0,2021-11-30 11:53:00-05:00,11.883333333333333,330.0,11-30 11:53AM,↘,NW,-2.0699999999999648,-2.0699999999999648,-2.0699999999999648,STABLE,WARM BUST,243
2021-12-01,77.99000000000002,77.99000000000002,77.99000000000002,77.99000000000002,0.0,77.99000000000002,77.99000000000002,37,0.0,0.0,78.98,2021-12-01 11:53:00-05:00,11.883333333333333,100.0,12-01 11:53AM,←,E,-0.9899999999999807,-0.9899999999999807,-0.9899999999999807,STABLE,WARM MISS,244
2021-12-02,79.07000000000006,79.97000000000006,79.28891891891898,79.07000000000006,0.3914629525807537,79.07000000000006,79.07000000000006,37,0.8999999999999915,0.0,80.96,2021-12-02 14:53:00-05:00,14.883333333333333,340.0,12-02 02:53PM,↓,N,-1.8899999999999295,-1.671081081081013,-1.8899999999999295,STABLE,WARM MISS,245
2021-12-03,76.01000000000008,77.99000000000002,77.42081081081085,77.99000000000002,0.8627423278849187,76.01000000000008,77.99000000000002,37,1.9799999999999471,1.9799999999999471,78.98,2021-12-03 12:53:00-05:00,12.883333333333333,80.0,12-03 12:53PM,←,E,-0.9899999999999807,-1.559189189189155,-0.9899999999999807,MIXED,WARM MISS,246
2021-12-04,79.07000000000006,79.97000000000006,79.5078378378379,79.07000000000006,0.4560405387385747,79.07000000000006,79.97000000000006,37,0.8999999999999915,0.8999999999999915,78.98,2021-12-04 11:53:00-05:00,11.883333333333333,110.0,12-04 11:53AM,←,E,0.09000000000006025,0.5278378378378932,0.9900000000000517,STABLE,COOL MISS,247
2021-12-05,79.97000000000006,81.05,80.52459459459462,81.05,0.5472486464862624,79.97000000000006,81.05,37,1.0799999999999415,1.0799999999999415,82.04,2021-12-05 13:53:00-05:00,13.883333333333333,120.0,12-05 01:53PM,↖,SE,-0.9900000000000091,-1.5154054054053887,-0.9900000000000091,MIXED,WARM MISS,248
2021-12-06,81.05,81.95,81.80405405405405,81.95,0.336315488950645,81.95,81.95,37,0.9000000000000057,0.0,82.04,2021-12-06 10:53:00-05:00,10.883333333333333,140.0,12-06 10:53AM,↖,SE,-0.09000000000000341,-0.2359459459459572,-0.09000000000000341,STABLE,WARM MISS,249
2021-12-07,81.95,83.03000000000004,82.44621621621623,81.95,0.5456461579904627,81.95,83.03000000000004,37,1.080000000000041,1.080000000000041,84.91999999999999,2021-12-07 14:53:00-05:00,14.883333333333333,280.0,12-07 02:53PM,→,W,-2.9699999999999847,-2.473783783783759,-1.8899999999999437,MIXED,WARM MISS,250
2021-12-08,83.03000000000004,85.91000000000008,84.44567567567574,85.01000000000008,1.2594014022113567,83.03000000000004,85.01000000000008,37,2.880000000000038,1.9800000000000324,82.94,2021-12-08 12:53:00-05:00,12.883333333333333,140.0,12-08 12:53PM,↖,SE,2.0700000000000784,1.5056756756757466,2.0700000000000784,MIXED,COOL MISS,251
2021-12-09,81.95,85.01000000000008,83.57000000000005,83.03000000000004,1.2749117616525703,81.95,83.03000000000004,37,3.0600000000000733,1.080000000000041,84.02,2021-12-09 11:53:00-05:00,11.883333333333333,130.0,12-09 11:53AM,↖,SE,-0.9899999999999523,-0.449999999999946,-0.9899999999999523,UNSTABLE,VERIFIED,252
2021-12-10,81.05,81.95,81.46351351351352,81.05,0.4421614600536421,81.05,81.95,37,0.9000000000000057,0.9000000000000057,82.04,2021-12-10 11:27:00-05:00,11.45,110.0,12-10 11:27AM,←,E,-0.9900000000000091,-0.5764864864864876,-0.09000000000000341,STABLE,WARM MISS,253
2021-12-11,81.95,81.95,81.95,81.95,0.0,81.95,81.95,37,0.0,0.0,82.04,2021-12-11 11:53:00-05:00,11.883333333333333,120.0,12-11 11:53AM,↖,SE,-0.09000000000000341,-0.09000000000000341,-0.09000000000000341,STABLE,WARM MISS,254
2021-12-12,81.95,83.03000000000004,82.85486486486491,83.03000000000004,0.403578586740787,81.95,83.03000000000004,37,1.080000000000041,1.080000000000041,84.02,2021-12-12 11:53:00-05:00,11.883333333333333,100.0,12-12 11:53AM,←,E,-0.9899999999999523,-1.1651351351350883,-0.9899999999999523,MIXED,WARM MISS,255
2021-12-13,81.95,81.95,81.95,81.95,0.0,81.95,81.95,35,0.0,0.0,82.94,2021-12-13 11:53:00-05:00,11.883333333333333,80.0,12-13 11:53AM,←,E,-0.9899999999999949,-0.9899999999999949,-0.9899999999999949,STABLE,WARM MISS,256
2021-12-14,81.05,81.95,81.33636363636363,81.05,0.41819416977807006,81.95,81.05,33,0.9000000000000057,-0.9000000000000057,82.04,2021-12-14 11:53:00-05:00,11.883333333333333,80.0,12-14 11:53AM,←,E,-0.9900000000000091,-0.7036363636363774,-0.9900000000000091,STABLE,WARM MISS,257
2021-12-15,79.07000000000006,79.97000000000006,79.75108108108114,79.97000000000006,0.39146295258074854,79.07000000000006,79.97000000000006,37,0.8999999999999915,0.8999999999999915,82.04,2021-12-15 11:53:00-05:00,11.883333333333333,90.0,12-15 11:53AM,←,E,-2.0699999999999505,-2.288918918918867,-2.0699999999999505,STABLE,WARM BUST,258
2021-12-16,81.05,81.95,81.31756756756756,81.05,0.41703587246053675,81.05,81.95,37,0.9000000000000057,0.9000000000000057,82.04,2021-12-16 11:34:00-05:00,11.566666666666666,100.0,12-16 11:34AM,←,E,-0.9900000000000091,-0.7224324324324414,-0.09000000000000341,STABLE,WARM MISS,259
2021-12-17,81.05,83.03000000000004,81.9354054054054,81.95,0.6550428085866642,81.95,83.03000000000004,37,1.9800000000000466,1.080000000000041,82.04,2021-12-17 13:53:00-05:00,13.883333333333333,80.0,12-17 01:53PM,←,E,-0.09000000000000341,-0.10459459459460163,0.9900000000000375,MIXED,VERIFIED,260
2021-12-18,81.05,81.95,81.87702702702704,81.95,0.24905225762282918,81.95,81.95,37,0.9000000000000057,0.0,82.94,2021-12-18 13:53:00-05:00,13.883333333333333,110.0,12-18 01:53PM,←,E,-0.9899999999999949,-1.0629729729729576,-0.9899999999999949,STABLE,WARM MISS,261
2021-12-19,81.05,81.95,81.70675675675676,81.95,0.4052026520016682,81.95,81.95,37,0.9000000000000057,0.0,84.91999999999999,2021-12-19 14:53:00-05:00,14.883333333333333,210.0,12-19 02:53PM,↗,SW,-2.9699999999999847,-3.2132432432432267,-2.9699999999999847,STABLE,WARM BUST,262
2021-12-20,81.05,81.95,81.19594594594595,81.05,0.33631548895063945,81.05,81.05,37,0.9000000000000057,0.0,82.04,2021-12-20 12:35:00-05:00,12.583333333333334,30.0,12-20 12:35PM,↙,NE,-0.9900000000000091,-0.8440540540540553,-0.9900000000000091,STABLE,WARM MISS,263
2021-12-21,79.97000000000006,81.05,80.29108108108112,79.97000000000006,0.5004430469526127,79.97000000000006,81.05,37,1.0799999999999415,1.0799999999999415,78.98,2021-12-21 09:53:00-05:00,9.883333333333333,200.0,12-21 09:53AM,↑,S,0.9900000000000517,1.311081081081113,2.069999999999993,MIXED,COOL MISS,264
2021-12-22,72.05,72.95,72.75540540540541,72.95,0.37560761584542035,72.95,72.95,37,0.9000000000000057,0.0,71.06,2021-12-22 14:53:00-05:00,14.883333333333333,310.0,12-22 02:53PM,↘,NW,1.8900000000000006,1.6954054054054097,1.8900000000000006,STABLE,COOL MISS,265
2021-12-23,74.03000000000004,74.93000000000004,74.15162162162166,74.03000000000004,0.3119251469460194,74.93000000000004,74.03000000000004,37,0.8999999999999915,-0.8999999999999915,75.02,2021-12-23 15:53:00-05:00,15.883333333333333,340.0,12-23 03:53PM,↓,N,-0.9899999999999523,-0.8683783783783383,-0.9899999999999523,STABLE,WARM MISS,266
2021-12-24,76.91000000000008,77.99000000000002,77.23108108108114,76.91000000000008,0.5004430469526086,77.99000000000002,76.91000000000008,37,1.0799999999999415,-1.0799999999999415,78.08,2021-12-24 12:53:00-05:00,12.883333333333333,30.0,12-24 12:53PM,↙,NE,-1.1699999999999164,-0.8489189189188551,-1.1699999999999164,MIXED,WARM MISS,267
2021-12-25,77.99000000000002,79.07000000000006,78.86567567567573,79.07000000000006,0.4288261791121244,79.07000000000006,79.07000000000006,37,1.080000000000041,0.0,78.98,2021-12-25 12:53:00-05:00,12.883333333333333,140.0,12-25 12:53PM,↖,SE,0.09000000000006025,-0.1143243243242722,0.09000000000006025,STABLE,VERIFIED,268
2021-12-26,79.07000000000006,79.97000000000006,79.75108108108114,79.97000000000006,0.39146295258074976,79.97000000000006,79.97000000000006,37,0.8999999999999915,0.0,82.04,2021-12-26 13:53:00-05:00,13.883333333333333,290.0,12-26 01:53PM,→,W,-2.0699999999999505,-2.288918918918867,-2.0699999999999505,STABLE,WARM BUST,269
2021-12-27,79.07000000000006,79.97000000000006,79.9213513513514,79.97000000000006,0.20631909162161505,79.97000000000006,79.97000000000006,37,0.8999999999999915,0.0,80.96,2021-12-27 12:53:00-05:00,12.883333333333333,140.0,12-27 12:53PM,↖,SE,-0.989999999999938,-1.0386486486485893,-0.989999999999938,STABLE,WARM MISS,270
2021-12-28,79.07000000000006,79.07000000000006,79.07000000000006,79.07000000000006,0.0,79.07000000000006,79.07000000000006,37,0.0,0.0,78.08,2021-12-28 11:53:00-05:00,11.883333333333333,140.0,12-28 11:53AM,↖,SE,0.9900000000000659,0.9900000000000659,0.9900000000000659,STABLE,COOL MISS,271
2021-12-29,81.05,81.05,81.05,81.05,0.0,81.05,81.05,37,0.0,0.0,80.96,2021-12-29 12:53:00-05:00,12.883333333333333,120.0,12-29 12:53PM,↖,SE,0.09000000000000341,0.09000000000000341,0.09000000000000341,STABLE,COOL MISS,272
2021-12-30,81.95,83.03000000000004,82.75270270270273,83.03000000000004,0.46975554309692286,83.03000000000004,83.03000000000004,37,1.080000000000041,0.0,82.04,2021-12-30 12:53:00-05:00,12.883333333333333,120.0,12-30 12:53PM,↖,SE,0.9900000000000375,0.7127027027027282,0.9900000000000375,STABLE,VERIFIED,273
2021-12-31,81.95,83.03000000000004,82.62135135135138,83.03000000000004,0.5310061841142618,81.95,83.03000000000004,37,1.080000000000041,1.080000000000041,82.04,2021-12-31 13:53:00-05:00,13.883333333333333,120.0,12-31 01:53PM,↖,SE,0.9900000000000375,0.5813513513513726,0.9900000000000375,MIXED,VERIFIED,274
2022-01-01,81.95,83.03000000000004,82.1525,81.95,0.43536191840813826,81.95,81.95,16,1.080000000000041,0.0,,,,,,,,,,,STABLE,NO VERIFY,275
